"yr","plt","tmp","ppt","co2","ntg","f03","b11"
1998,1,"0","0","0","0","Amb","Amb"
1998,2,"0","0","0","0","Amb","Amb"
1998,3,"0","0","0","0","Amb","Amb"
1998,4,"0","0","0","0","Amb","Amb"
1998,5,"0","0","0","0","Amb","Amb"
1998,6,"0","0","0","0","Amb","Amb"
1998,7,"0","0","0","0","Amb","Amb"
1998,8,"0","0","0","0","Amb","Amb"
1998,9,"0","0","0","0","Amb","Amb"
1998,10,"0","0","0","0","Amb","Amb"
1998,11,"0","0","0","0","Amb","Amb"
1998,12,"0","0","0","0","Amb","Amb"
1998,13,"0","0","0","0","Amb","Amb"
1998,14,"0","0","0","0","Amb","Amb"
1998,15,"0","0","0","0","Amb","Amb"
1998,16,"0","0","0","0","Amb","Amb"
1998,17,"0","0","0","0","Amb","Amb"
1998,18,"0","0","0","0","Amb","Amb"
1998,19,"0","0","0","0","Amb","Amb"
1998,20,"0","0","0","0","Amb","Amb"
1998,21,"0","0","0","0","Amb","Amb"
1998,22,"0","0","0","0","Amb","Amb"
1998,23,"0","0","0","0","Amb","Amb"
1998,24,"0","0","0","0","Amb","Amb"
1998,25,"0","0","0","0","Amb","Amb"
1998,26,"0","0","0","0","Amb","Amb"
1998,27,"0","0","0","0","Amb","Amb"
1998,28,"0","0","0","0","Amb","Amb"
1998,29,"0","0","0","0","Amb","Amb"
1998,30,"0","0","0","0","Amb","Amb"
1998,31,"0","0","0","0","Amb","Amb"
1998,32,"0","0","0","0","Amb","Amb"
1998,33,"0","0","0","0","Amb","Amb"
1998,34,"0","0","0","0","Amb","Amb"
1998,35,"0","0","0","0","Amb","Amb"
1998,36,"0","0","0","0","Amb","Amb"
1998,37,"0","0","0","0","Amb","Amb"
1998,38,"0","0","0","0","Amb","Amb"
1998,39,"0","0","0","0","Amb","Amb"
1998,40,"0","0","0","0","Amb","Amb"
1998,41,"0","0","0","0","Amb","Amb"
1998,42,"0","0","0","0","Amb","Amb"
1998,43,"0","0","0","0","Amb","Amb"
1998,44,"0","0","0","0","Amb","Amb"
1998,45,"0","0","0","0","Amb","Amb"
1998,46,"0","0","0","0","Amb","Amb"
1998,47,"0","0","0","0","Amb","Amb"
1998,48,"0","0","0","0","Amb","Amb"
1998,49,"0","0","0","0","Amb","Amb"
1998,50,"0","0","0","0","Amb","Amb"
1998,51,"0","0","0","0","Amb","Amb"
1998,52,"0","0","0","0","Amb","Amb"
1998,53,"0","0","0","0","Amb","Amb"
1998,54,"0","0","0","0","Amb","Amb"
1998,55,"0","0","0","0","Amb","Amb"
1998,56,"0","0","0","0","Amb","Amb"
1998,57,"0","0","0","0","Amb","Amb"
1998,58,"0","0","0","0","Amb","Amb"
1998,59,"0","0","0","0","Amb","Amb"
1998,60,"0","0","0","0","Amb","Amb"
1998,61,"0","0","0","0","Amb","Amb"
1998,62,"0","0","0","0","Amb","Amb"
1998,63,"0","0","0","0","Amb","Amb"
1998,64,"0","0","0","0","Amb","Amb"
1998,65,"0","0","0","0","Amb","Amb"
1998,66,"0","0","0","0","Amb","Amb"
1998,67,"0","0","0","0","Amb","Amb"
1998,68,"0","0","0","0","Amb","Amb"
1998,69,"0","0","0","0","Amb","Amb"
1998,70,"0","0","0","0","Amb","Amb"
1998,71,"0","0","0","0","Amb","Amb"
1998,72,"0","0","0","0","Amb","Amb"
1998,73,"0","0","0","0","Amb","Amb"
1998,74,"0","0","0","0","Amb","Amb"
1998,75,"0","0","0","0","Amb","Amb"
1998,76,"0","0","0","0","Amb","Amb"
1998,77,"0","0","0","0","Amb","Amb"
1998,78,"0","0","0","0","Amb","Amb"
1998,79,"0","0","0","0","Amb","Amb"
1998,80,"0","0","0","0","Amb","Amb"
1998,81,"0","0","0","0","Amb","Amb"
1998,82,"0","0","0","0","Amb","Amb"
1998,83,"0","0","0","0","Amb","Amb"
1998,84,"0","0","0","0","Amb","Amb"
1998,85,"0","0","0","0","Amb","Amb"
1998,86,"0","0","0","0","Amb","Amb"
1998,87,"0","0","0","0","Amb","Amb"
1998,88,"0","0","0","0","Amb","Amb"
1998,89,"0","0","0","0","Amb","Amb"
1998,90,"0","0","0","0","Amb","Amb"
1998,91,"0","0","0","0","Amb","Amb"
1998,92,"0","0","0","0","Amb","Amb"
1998,93,"0","0","0","0","Amb","Amb"
1998,94,"0","0","0","0","Amb","Amb"
1998,95,"0","0","0","0","Amb","Amb"
1998,96,"0","0","0","0","Amb","Amb"
1998,97,"0","0","0","0","Amb","Amb"
1998,98,"0","0","0","0","Amb","Amb"
1998,99,"0","0","0","0","Amb","Amb"
1998,100,"0","0","0","0","Amb","Amb"
1998,101,"0","0","0","0","Amb","Amb"
1998,102,"0","0","0","0","Amb","Amb"
1998,103,"0","0","0","0","Amb","Amb"
1998,104,"0","0","0","0","Amb","Amb"
1998,105,"0","0","0","0","Amb","Amb"
1998,106,"0","0","0","0","Amb","Amb"
1998,107,"0","0","0","0","Amb","Amb"
1998,108,"0","0","0","0","Amb","Amb"
1998,109,"0","0","0","0","Amb","Amb"
1998,110,"0","0","0","0","Amb","Amb"
1998,111,"0","0","0","0","Amb","Amb"
1998,112,"0","0","0","0","Amb","Amb"
1998,113,"0","0","0","0","Amb","Amb"
1998,114,"0","0","0","0","Amb","Amb"
1998,115,"0","0","0","0","Amb","Amb"
1998,116,"0","0","0","0","Amb","Amb"
1998,117,"0","0","0","0","Amb","Amb"
1998,118,"0","0","0","0","Amb","Amb"
1998,119,"0","0","0","0","Amb","Amb"
1998,120,"0","0","0","0","Amb","Amb"
1998,121,"0","0","0","0","Amb","Amb"
1998,122,"0","0","0","0","Amb","Amb"
1998,123,"0","0","0","0","Amb","Amb"
1998,124,"0","0","0","0","Amb","Amb"
1998,125,"0","0","0","0","Amb","Amb"
1998,126,"0","0","0","0","Amb","Amb"
1998,127,"0","0","0","0","Amb","Amb"
1998,128,"0","0","0","0","Amb","Amb"
1998,129,"0","0","0","0","Amb","Amb"
1998,131,"0","0","0","0","Amb","Amb"
1998,134,"0","0","0","0","Amb","Amb"
1998,136,"0","0","0","0","Amb","Amb"
1998,137,"0","0","0","0","Amb","Amb"
1998,139,"0","0","0","0","Amb","Amb"
1998,142,"0","0","0","0","Amb","Amb"
1998,144,"0","0","0","0","Amb","Amb"
1999,1,"0","1","0","0","Amb","Amb"
1999,2,"0","0","0","1","Amb","Amb"
1999,3,"0","0","0","0","Amb","Amb"
1999,4,"0","1","0","1","Amb","Amb"
1999,5,"1","1","1","1","Amb","Amb"
1999,6,"1","0","1","1","Amb","Amb"
1999,7,"1","1","1","0","Amb","Amb"
1999,8,"1","0","1","0","Amb","Amb"
1999,9,"1","0","0","1","Amb","Amb"
1999,10,"1","1","0","0","Amb","Amb"
1999,11,"1","1","0","1","Amb","Amb"
1999,12,"1","0","0","0","Amb","Amb"
1999,13,"0","1","1","1","Amb","Amb"
1999,14,"0","0","1","1","Amb","Amb"
1999,15,"0","0","1","0","Amb","Amb"
1999,16,"0","1","1","0","Amb","Amb"
1999,17,"0","0","0","1","Amb","Amb"
1999,18,"0","1","0","0","Amb","Amb"
1999,19,"0","0","0","0","Amb","Amb"
1999,20,"0","1","0","1","Amb","Amb"
1999,21,"1","1","0","1","Amb","Amb"
1999,22,"1","0","0","0","Amb","Amb"
1999,23,"1","1","0","0","Amb","Amb"
1999,24,"1","0","0","1","Amb","Amb"
1999,25,"0","1","1","1","Amb","Amb"
1999,26,"0","0","1","1","Amb","Amb"
1999,27,"0","1","1","0","Amb","Amb"
1999,28,"0","0","1","0","Amb","Amb"
1999,29,"0","1","0","0","Amb","Amb"
1999,30,"0","0","0","0","Amb","Amb"
1999,31,"0","1","0","1","Amb","Amb"
1999,32,"0","0","0","1","Amb","Amb"
1999,33,"1","1","0","1","Amb","Amb"
1999,34,"1","0","0","0","Amb","Amb"
1999,35,"1","0","0","1","Amb","Amb"
1999,36,"1","1","0","0","Amb","Amb"
1999,37,"0","0","1","1","Amb","Amb"
1999,38,"0","1","1","1","Amb","Amb"
1999,39,"0","1","1","0","Amb","Amb"
1999,40,"0","0","1","0","Amb","Amb"
1999,41,"1","1","1","0","Amb","Amb"
1999,42,"1","0","1","0","Amb","Amb"
1999,43,"1","0","1","1","Amb","Amb"
1999,44,"1","1","1","1","Amb","Amb"
1999,45,"1","0","1","1","Amb","Amb"
1999,46,"1","1","1","1","Amb","Amb"
1999,47,"1","0","1","0","Amb","Amb"
1999,48,"1","1","1","0","Amb","Amb"
1999,49,"0","0","1","1","Amb","Amb"
1999,50,"0","0","1","0","Amb","Amb"
1999,51,"0","1","1","1","Amb","Amb"
1999,52,"0","1","1","0","Amb","Amb"
1999,53,"1","0","1","0","Amb","Amb"
1999,54,"1","0","1","1","Amb","Amb"
1999,55,"1","1","1","0","Amb","Amb"
1999,56,"1","1","1","1","Amb","Amb"
1999,57,"1","0","1","0","Amb","Amb"
1999,58,"1","1","1","0","Amb","Amb"
1999,59,"1","0","1","1","Amb","Amb"
1999,60,"1","1","1","1","Amb","Amb"
1999,61,"1","0","0","1","Amb","Amb"
1999,62,"1","1","0","1","Amb","Amb"
1999,63,"1","0","0","0","Amb","Amb"
1999,64,"1","1","0","0","Amb","Amb"
1999,65,"0","1","0","0","Amb","Amb"
1999,66,"0","0","0","0","Amb","Amb"
1999,67,"0","1","0","1","Amb","Amb"
1999,68,"0","0","0","1","Amb","Amb"
1999,69,"0","0","1","1","Amb","Amb"
1999,70,"0","0","1","0","Amb","Amb"
1999,71,"0","1","1","0","Amb","Amb"
1999,72,"0","1","1","1","Amb","Amb"
1999,73,"1","1","1","0","Amb","Amb"
1999,74,"1","1","1","1","Amb","Amb"
1999,75,"1","0","1","1","Amb","Amb"
1999,76,"1","0","1","0","Amb","Amb"
1999,77,"1","1","0","1","Amb","Amb"
1999,78,"1","1","0","0","Amb","Amb"
1999,79,"1","0","0","0","Amb","Amb"
1999,80,"1","0","0","1","Amb","Amb"
1999,81,"0","1","1","0","Amb","Amb"
1999,82,"0","0","1","0","Amb","Amb"
1999,83,"0","0","1","1","Amb","Amb"
1999,84,"0","1","1","1","Amb","Amb"
1999,85,"1","1","0","1","Amb","Amb"
1999,86,"1","0","0","0","Amb","Amb"
1999,87,"1","1","0","0","Amb","Amb"
1999,88,"1","0","0","1","Amb","Amb"
1999,89,"0","0","0","1","Amb","Amb"
1999,90,"0","0","0","0","Amb","Amb"
1999,91,"0","1","0","0","Amb","Amb"
1999,92,"0","1","0","1","Amb","Amb"
1999,93,"1","1","1","1","Amb","Amb"
1999,94,"1","0","1","0","Amb","Amb"
1999,95,"1","0","1","1","Amb","Amb"
1999,96,"1","1","1","0","Amb","Amb"
1999,97,"0","1","1","0","Amb","Amb"
1999,98,"0","0","1","1","Amb","Amb"
1999,99,"0","1","1","1","Amb","Amb"
1999,100,"0","0","1","0","Amb","Amb"
1999,101,"1","1","0","1","Amb","Amb"
1999,102,"1","1","0","0","Amb","Amb"
1999,103,"1","0","0","0","Amb","Amb"
1999,104,"1","0","0","1","Amb","Amb"
1999,105,"0","0","0","1","Amb","Amb"
1999,106,"0","1","0","1","Amb","Amb"
1999,107,"0","0","0","0","Amb","Amb"
1999,108,"0","1","0","0","Amb","Amb"
1999,109,"0","0","1","0","Amb","Amb"
1999,110,"0","1","1","0","Amb","Amb"
1999,111,"0","0","1","1","Amb","Amb"
1999,112,"0","1","1","1","Amb","Amb"
1999,113,"1","0","1","0","Amb","Amb"
1999,114,"1","1","1","1","Amb","Amb"
1999,115,"1","0","1","1","Amb","Amb"
1999,116,"1","1","1","0","Amb","Amb"
1999,117,"1","1","0","0","Amb","Amb"
1999,118,"1","1","0","1","Amb","Amb"
1999,119,"1","0","0","1","Amb","Amb"
1999,120,"1","0","0","0","Amb","Amb"
1999,121,"0","1","0","1","Amb","Amb"
1999,122,"0","0","0","1","Amb","Amb"
1999,123,"0","1","0","0","Amb","Amb"
1999,124,"0","0","0","0","Amb","Amb"
1999,125,"0","0","0","0","Amb","Amb"
1999,126,"0","1","0","1","Amb","Amb"
1999,127,"0","1","0","0","Amb","Amb"
1999,128,"0","0","0","1","Amb","Amb"
1999,129,"0","0","0","0","Amb","Amb"
1999,131,"0","0","0","0","Amb","Amb"
1999,134,"0","0","0","0","Amb","Amb"
1999,136,"0","0","0","0","Amb","Amb"
1999,137,"0","0","0","0","Amb","Amb"
1999,139,"0","0","0","0","Amb","Amb"
1999,142,"0","0","0","0","Amb","Amb"
1999,144,"0","0","0","0","Amb","Amb"
2000,1,"0","1","0","0","Amb","Amb"
2000,2,"0","0","0","1","Amb","Amb"
2000,3,"0","0","0","0","Amb","Amb"
2000,4,"0","1","0","1","Amb","Amb"
2000,5,"1","1","1","1","Amb","Amb"
2000,6,"1","0","1","1","Amb","Amb"
2000,7,"1","1","1","0","Amb","Amb"
2000,8,"1","0","1","0","Amb","Amb"
2000,9,"1","0","0","1","Amb","Amb"
2000,10,"1","1","0","0","Amb","Amb"
2000,11,"1","1","0","1","Amb","Amb"
2000,12,"1","0","0","0","Amb","Amb"
2000,13,"0","1","1","1","Amb","Amb"
2000,14,"0","0","1","1","Amb","Amb"
2000,15,"0","0","1","0","Amb","Amb"
2000,16,"0","1","1","0","Amb","Amb"
2000,17,"0","0","0","1","Amb","Amb"
2000,18,"0","1","0","0","Amb","Amb"
2000,19,"0","0","0","0","Amb","Amb"
2000,20,"0","1","0","1","Amb","Amb"
2000,21,"1","1","0","1","Amb","Amb"
2000,22,"1","0","0","0","Amb","Amb"
2000,23,"1","1","0","0","Amb","Amb"
2000,24,"1","0","0","1","Amb","Amb"
2000,25,"0","1","1","1","Amb","Amb"
2000,26,"0","0","1","1","Amb","Amb"
2000,27,"0","1","1","0","Amb","Amb"
2000,28,"0","0","1","0","Amb","Amb"
2000,29,"0","1","0","0","Amb","Amb"
2000,30,"0","0","0","0","Amb","Amb"
2000,31,"0","1","0","1","Amb","Amb"
2000,32,"0","0","0","1","Amb","Amb"
2000,33,"1","1","0","1","Amb","Amb"
2000,34,"1","0","0","0","Amb","Amb"
2000,35,"1","0","0","1","Amb","Amb"
2000,36,"1","1","0","0","Amb","Amb"
2000,37,"0","0","1","1","Amb","Amb"
2000,38,"0","1","1","1","Amb","Amb"
2000,39,"0","1","1","0","Amb","Amb"
2000,40,"0","0","1","0","Amb","Amb"
2000,41,"1","1","1","0","Amb","Amb"
2000,42,"1","0","1","0","Amb","Amb"
2000,43,"1","0","1","1","Amb","Amb"
2000,44,"1","1","1","1","Amb","Amb"
2000,45,"1","0","1","1","Amb","Amb"
2000,46,"1","1","1","1","Amb","Amb"
2000,47,"1","0","1","0","Amb","Amb"
2000,48,"1","1","1","0","Amb","Amb"
2000,49,"0","0","1","1","Amb","Amb"
2000,50,"0","0","1","0","Amb","Amb"
2000,51,"0","1","1","1","Amb","Amb"
2000,52,"0","1","1","0","Amb","Amb"
2000,53,"1","0","1","0","Amb","Amb"
2000,54,"1","0","1","1","Amb","Amb"
2000,55,"1","1","1","0","Amb","Amb"
2000,56,"1","1","1","1","Amb","Amb"
2000,57,"1","0","1","0","Amb","Amb"
2000,58,"1","1","1","0","Amb","Amb"
2000,59,"1","0","1","1","Amb","Amb"
2000,60,"1","1","1","1","Amb","Amb"
2000,61,"1","0","0","1","Amb","Amb"
2000,62,"1","1","0","1","Amb","Amb"
2000,63,"1","0","0","0","Amb","Amb"
2000,64,"1","1","0","0","Amb","Amb"
2000,65,"0","1","0","0","Amb","Amb"
2000,66,"0","0","0","0","Amb","Amb"
2000,67,"0","1","0","1","Amb","Amb"
2000,68,"0","0","0","1","Amb","Amb"
2000,69,"0","0","1","1","Amb","Amb"
2000,70,"0","0","1","0","Amb","Amb"
2000,71,"0","1","1","0","Amb","Amb"
2000,72,"0","1","1","1","Amb","Amb"
2000,73,"1","1","1","0","Amb","Amb"
2000,74,"1","1","1","1","Amb","Amb"
2000,75,"1","0","1","1","Amb","Amb"
2000,76,"1","0","1","0","Amb","Amb"
2000,77,"1","1","0","1","Amb","Amb"
2000,78,"1","1","0","0","Amb","Amb"
2000,79,"1","0","0","0","Amb","Amb"
2000,80,"1","0","0","1","Amb","Amb"
2000,81,"0","1","1","0","Amb","Amb"
2000,82,"0","0","1","0","Amb","Amb"
2000,83,"0","0","1","1","Amb","Amb"
2000,84,"0","1","1","1","Amb","Amb"
2000,85,"1","1","0","1","Amb","Amb"
2000,86,"1","0","0","0","Amb","Amb"
2000,87,"1","1","0","0","Amb","Amb"
2000,88,"1","0","0","1","Amb","Amb"
2000,89,"0","0","0","1","Amb","Amb"
2000,90,"0","0","0","0","Amb","Amb"
2000,91,"0","1","0","0","Amb","Amb"
2000,92,"0","1","0","1","Amb","Amb"
2000,93,"1","1","1","1","Amb","Amb"
2000,94,"1","0","1","0","Amb","Amb"
2000,95,"1","0","1","1","Amb","Amb"
2000,96,"1","1","1","0","Amb","Amb"
2000,97,"0","1","1","0","Amb","Amb"
2000,98,"0","0","1","1","Amb","Amb"
2000,99,"0","1","1","1","Amb","Amb"
2000,100,"0","0","1","0","Amb","Amb"
2000,101,"1","1","0","1","Amb","Amb"
2000,102,"1","1","0","0","Amb","Amb"
2000,103,"1","0","0","0","Amb","Amb"
2000,104,"1","0","0","1","Amb","Amb"
2000,105,"0","0","0","1","Amb","Amb"
2000,106,"0","1","0","1","Amb","Amb"
2000,107,"0","0","0","0","Amb","Amb"
2000,108,"0","1","0","0","Amb","Amb"
2000,109,"0","0","1","0","Amb","Amb"
2000,110,"0","1","1","0","Amb","Amb"
2000,111,"0","0","1","1","Amb","Amb"
2000,112,"0","1","1","1","Amb","Amb"
2000,113,"1","0","1","0","Amb","Amb"
2000,114,"1","1","1","1","Amb","Amb"
2000,115,"1","0","1","1","Amb","Amb"
2000,116,"1","1","1","0","Amb","Amb"
2000,117,"1","1","0","0","Amb","Amb"
2000,118,"1","1","0","1","Amb","Amb"
2000,119,"1","0","0","1","Amb","Amb"
2000,120,"1","0","0","0","Amb","Amb"
2000,121,"0","1","0","1","Amb","Amb"
2000,122,"0","0","0","1","Amb","Amb"
2000,123,"0","1","0","0","Amb","Amb"
2000,124,"0","0","0","0","Amb","Amb"
2000,125,"0","0","0","0","Amb","Amb"
2000,126,"0","1","0","1","Amb","Amb"
2000,127,"0","1","0","0","Amb","Amb"
2000,128,"0","0","0","1","Amb","Amb"
2000,129,"0","0","0","0","Amb","Amb"
2000,131,"0","0","0","0","Amb","Amb"
2000,134,"0","0","0","0","Amb","Amb"
2000,136,"0","0","0","0","Amb","Amb"
2000,137,"0","0","0","0","Amb","Amb"
2000,139,"0","0","0","0","Amb","Amb"
2000,142,"0","0","0","0","Amb","Amb"
2000,144,"0","0","0","0","Amb","Amb"
2001,1,"0","1","0","0","Amb","Amb"
2001,2,"0","0","0","1","Amb","Amb"
2001,3,"0","0","0","0","Amb","Amb"
2001,4,"0","1","0","1","Amb","Amb"
2001,5,"1","1","1","1","Amb","Amb"
2001,6,"1","0","1","1","Amb","Amb"
2001,7,"1","1","1","0","Amb","Amb"
2001,8,"1","0","1","0","Amb","Amb"
2001,9,"1","0","0","1","Amb","Amb"
2001,10,"1","1","0","0","Amb","Amb"
2001,11,"1","1","0","1","Amb","Amb"
2001,12,"1","0","0","0","Amb","Amb"
2001,13,"0","1","1","1","Amb","Amb"
2001,14,"0","0","1","1","Amb","Amb"
2001,15,"0","0","1","0","Amb","Amb"
2001,16,"0","1","1","0","Amb","Amb"
2001,17,"0","0","0","1","Amb","Amb"
2001,18,"0","1","0","0","Amb","Amb"
2001,19,"0","0","0","0","Amb","Amb"
2001,20,"0","1","0","1","Amb","Amb"
2001,21,"1","1","0","1","Amb","Amb"
2001,22,"1","0","0","0","Amb","Amb"
2001,23,"1","1","0","0","Amb","Amb"
2001,24,"1","0","0","1","Amb","Amb"
2001,25,"0","1","1","1","Amb","Amb"
2001,26,"0","0","1","1","Amb","Amb"
2001,27,"0","1","1","0","Amb","Amb"
2001,28,"0","0","1","0","Amb","Amb"
2001,29,"0","1","0","0","Amb","Amb"
2001,30,"0","0","0","0","Amb","Amb"
2001,31,"0","1","0","1","Amb","Amb"
2001,32,"0","0","0","1","Amb","Amb"
2001,33,"1","1","0","1","Amb","Amb"
2001,34,"1","0","0","0","Amb","Amb"
2001,35,"1","0","0","1","Amb","Amb"
2001,36,"1","1","0","0","Amb","Amb"
2001,37,"0","0","1","1","Amb","Amb"
2001,38,"0","1","1","1","Amb","Amb"
2001,39,"0","1","1","0","Amb","Amb"
2001,40,"0","0","1","0","Amb","Amb"
2001,41,"1","1","1","0","Amb","Amb"
2001,42,"1","0","1","0","Amb","Amb"
2001,43,"1","0","1","1","Amb","Amb"
2001,44,"1","1","1","1","Amb","Amb"
2001,45,"1","0","1","1","Amb","Amb"
2001,46,"1","1","1","1","Amb","Amb"
2001,47,"1","0","1","0","Amb","Amb"
2001,48,"1","1","1","0","Amb","Amb"
2001,49,"0","0","1","1","Amb","Amb"
2001,50,"0","0","1","0","Amb","Amb"
2001,51,"0","1","1","1","Amb","Amb"
2001,52,"0","1","1","0","Amb","Amb"
2001,53,"1","0","1","0","Amb","Amb"
2001,54,"1","0","1","1","Amb","Amb"
2001,55,"1","1","1","0","Amb","Amb"
2001,56,"1","1","1","1","Amb","Amb"
2001,57,"1","0","1","0","Amb","Amb"
2001,58,"1","1","1","0","Amb","Amb"
2001,59,"1","0","1","1","Amb","Amb"
2001,60,"1","1","1","1","Amb","Amb"
2001,61,"1","0","0","1","Amb","Amb"
2001,62,"1","1","0","1","Amb","Amb"
2001,63,"1","0","0","0","Amb","Amb"
2001,64,"1","1","0","0","Amb","Amb"
2001,65,"0","1","0","0","Amb","Amb"
2001,66,"0","0","0","0","Amb","Amb"
2001,67,"0","1","0","1","Amb","Amb"
2001,68,"0","0","0","1","Amb","Amb"
2001,69,"0","0","1","1","Amb","Amb"
2001,70,"0","0","1","0","Amb","Amb"
2001,71,"0","1","1","0","Amb","Amb"
2001,72,"0","1","1","1","Amb","Amb"
2001,73,"1","1","1","0","Amb","Amb"
2001,74,"1","1","1","1","Amb","Amb"
2001,75,"1","0","1","1","Amb","Amb"
2001,76,"1","0","1","0","Amb","Amb"
2001,77,"1","1","0","1","Amb","Amb"
2001,78,"1","1","0","0","Amb","Amb"
2001,79,"1","0","0","0","Amb","Amb"
2001,80,"1","0","0","1","Amb","Amb"
2001,81,"0","1","1","0","Amb","Amb"
2001,82,"0","0","1","0","Amb","Amb"
2001,83,"0","0","1","1","Amb","Amb"
2001,84,"0","1","1","1","Amb","Amb"
2001,85,"1","1","0","1","Amb","Amb"
2001,86,"1","0","0","0","Amb","Amb"
2001,87,"1","1","0","0","Amb","Amb"
2001,88,"1","0","0","1","Amb","Amb"
2001,89,"0","0","0","1","Amb","Amb"
2001,90,"0","0","0","0","Amb","Amb"
2001,91,"0","1","0","0","Amb","Amb"
2001,92,"0","1","0","1","Amb","Amb"
2001,93,"1","1","1","1","Amb","Amb"
2001,94,"1","0","1","0","Amb","Amb"
2001,95,"1","0","1","1","Amb","Amb"
2001,96,"1","1","1","0","Amb","Amb"
2001,97,"0","1","1","0","Amb","Amb"
2001,98,"0","0","1","1","Amb","Amb"
2001,99,"0","1","1","1","Amb","Amb"
2001,100,"0","0","1","0","Amb","Amb"
2001,101,"1","1","0","1","Amb","Amb"
2001,102,"1","1","0","0","Amb","Amb"
2001,103,"1","0","0","0","Amb","Amb"
2001,104,"1","0","0","1","Amb","Amb"
2001,105,"0","0","0","1","Amb","Amb"
2001,106,"0","1","0","1","Amb","Amb"
2001,107,"0","0","0","0","Amb","Amb"
2001,108,"0","1","0","0","Amb","Amb"
2001,109,"0","0","1","0","Amb","Amb"
2001,110,"0","1","1","0","Amb","Amb"
2001,111,"0","0","1","1","Amb","Amb"
2001,112,"0","1","1","1","Amb","Amb"
2001,113,"1","0","1","0","Amb","Amb"
2001,114,"1","1","1","1","Amb","Amb"
2001,115,"1","0","1","1","Amb","Amb"
2001,116,"1","1","1","0","Amb","Amb"
2001,117,"1","1","0","0","Amb","Amb"
2001,118,"1","1","0","1","Amb","Amb"
2001,119,"1","0","0","1","Amb","Amb"
2001,120,"1","0","0","0","Amb","Amb"
2001,121,"0","1","0","1","Amb","Amb"
2001,122,"0","0","0","1","Amb","Amb"
2001,123,"0","1","0","0","Amb","Amb"
2001,124,"0","0","0","0","Amb","Amb"
2001,125,"0","0","0","0","Amb","Amb"
2001,126,"0","1","0","1","Amb","Amb"
2001,127,"0","1","0","0","Amb","Amb"
2001,128,"0","0","0","1","Amb","Amb"
2001,129,"0","0","0","0","Amb","Amb"
2001,131,"0","0","0","0","Amb","Amb"
2001,134,"0","0","0","0","Amb","Amb"
2001,136,"0","0","0","0","Amb","Amb"
2001,137,"0","0","0","0","Amb","Amb"
2001,139,"0","0","0","0","Amb","Amb"
2001,142,"0","0","0","0","Amb","Amb"
2001,144,"0","0","0","0","Amb","Amb"
2002,1,"0","1","0","0","Amb","Amb"
2002,2,"0","0","0","1","Amb","Amb"
2002,3,"0","0","0","0","Amb","Amb"
2002,4,"0","1","0","1","Amb","Amb"
2002,5,"1","1","1","1","Amb","Amb"
2002,6,"1","0","1","1","Amb","Amb"
2002,7,"1","1","1","0","Amb","Amb"
2002,8,"1","0","1","0","Amb","Amb"
2002,9,"1","0","0","1","Amb","Amb"
2002,10,"1","1","0","0","Amb","Amb"
2002,11,"1","1","0","1","Amb","Amb"
2002,12,"1","0","0","0","Amb","Amb"
2002,13,"0","1","1","1","Amb","Amb"
2002,14,"0","0","1","1","Amb","Amb"
2002,15,"0","0","1","0","Amb","Amb"
2002,16,"0","1","1","0","Amb","Amb"
2002,17,"0","0","0","1","Amb","Amb"
2002,18,"0","1","0","0","Amb","Amb"
2002,19,"0","0","0","0","Amb","Amb"
2002,20,"0","1","0","1","Amb","Amb"
2002,21,"1","1","0","1","Amb","Amb"
2002,22,"1","0","0","0","Amb","Amb"
2002,23,"1","1","0","0","Amb","Amb"
2002,24,"1","0","0","1","Amb","Amb"
2002,25,"0","1","1","1","Amb","Amb"
2002,26,"0","0","1","1","Amb","Amb"
2002,27,"0","1","1","0","Amb","Amb"
2002,28,"0","0","1","0","Amb","Amb"
2002,29,"0","1","0","0","Amb","Amb"
2002,30,"0","0","0","0","Amb","Amb"
2002,31,"0","1","0","1","Amb","Amb"
2002,32,"0","0","0","1","Amb","Amb"
2002,33,"1","1","0","1","Amb","Amb"
2002,34,"1","0","0","0","Amb","Amb"
2002,35,"1","0","0","1","Amb","Amb"
2002,36,"1","1","0","0","Amb","Amb"
2002,37,"0","0","1","1","Amb","Amb"
2002,38,"0","1","1","1","Amb","Amb"
2002,39,"0","1","1","0","Amb","Amb"
2002,40,"0","0","1","0","Amb","Amb"
2002,41,"1","1","1","0","Amb","Amb"
2002,42,"1","0","1","0","Amb","Amb"
2002,43,"1","0","1","1","Amb","Amb"
2002,44,"1","1","1","1","Amb","Amb"
2002,45,"1","0","1","1","Amb","Amb"
2002,46,"1","1","1","1","Amb","Amb"
2002,47,"1","0","1","0","Amb","Amb"
2002,48,"1","1","1","0","Amb","Amb"
2002,49,"0","0","1","1","Amb","Amb"
2002,50,"0","0","1","0","Amb","Amb"
2002,51,"0","1","1","1","Amb","Amb"
2002,52,"0","1","1","0","Amb","Amb"
2002,53,"1","0","1","0","Amb","Amb"
2002,54,"1","0","1","1","Amb","Amb"
2002,55,"1","1","1","0","Amb","Amb"
2002,56,"1","1","1","1","Amb","Amb"
2002,57,"1","0","1","0","Amb","Amb"
2002,58,"1","1","1","0","Amb","Amb"
2002,59,"1","0","1","1","Amb","Amb"
2002,60,"1","1","1","1","Amb","Amb"
2002,61,"1","0","0","1","Amb","Amb"
2002,62,"1","1","0","1","Amb","Amb"
2002,63,"1","0","0","0","Amb","Amb"
2002,64,"1","1","0","0","Amb","Amb"
2002,65,"0","1","0","0","Amb","Amb"
2002,66,"0","0","0","0","Amb","Amb"
2002,67,"0","1","0","1","Amb","Amb"
2002,68,"0","0","0","1","Amb","Amb"
2002,69,"0","0","1","1","Amb","Amb"
2002,70,"0","0","1","0","Amb","Amb"
2002,71,"0","1","1","0","Amb","Amb"
2002,72,"0","1","1","1","Amb","Amb"
2002,73,"1","1","1","0","Amb","Amb"
2002,74,"1","1","1","1","Amb","Amb"
2002,75,"1","0","1","1","Amb","Amb"
2002,76,"1","0","1","0","Amb","Amb"
2002,77,"1","1","0","1","Amb","Amb"
2002,78,"1","1","0","0","Amb","Amb"
2002,79,"1","0","0","0","Amb","Amb"
2002,80,"1","0","0","1","Amb","Amb"
2002,81,"0","1","1","0","Amb","Amb"
2002,82,"0","0","1","0","Amb","Amb"
2002,83,"0","0","1","1","Amb","Amb"
2002,84,"0","1","1","1","Amb","Amb"
2002,85,"1","1","0","1","Amb","Amb"
2002,86,"1","0","0","0","Amb","Amb"
2002,87,"1","1","0","0","Amb","Amb"
2002,88,"1","0","0","1","Amb","Amb"
2002,89,"0","0","0","1","Amb","Amb"
2002,90,"0","0","0","0","Amb","Amb"
2002,91,"0","1","0","0","Amb","Amb"
2002,92,"0","1","0","1","Amb","Amb"
2002,93,"1","1","1","1","Amb","Amb"
2002,94,"1","0","1","0","Amb","Amb"
2002,95,"1","0","1","1","Amb","Amb"
2002,96,"1","1","1","0","Amb","Amb"
2002,97,"0","1","1","0","Amb","Amb"
2002,98,"0","0","1","1","Amb","Amb"
2002,99,"0","1","1","1","Amb","Amb"
2002,100,"0","0","1","0","Amb","Amb"
2002,101,"1","1","0","1","Amb","Amb"
2002,102,"1","1","0","0","Amb","Amb"
2002,103,"1","0","0","0","Amb","Amb"
2002,104,"1","0","0","1","Amb","Amb"
2002,105,"0","0","0","1","Amb","Amb"
2002,106,"0","1","0","1","Amb","Amb"
2002,107,"0","0","0","0","Amb","Amb"
2002,108,"0","1","0","0","Amb","Amb"
2002,109,"0","0","1","0","Amb","Amb"
2002,110,"0","1","1","0","Amb","Amb"
2002,111,"0","0","1","1","Amb","Amb"
2002,112,"0","1","1","1","Amb","Amb"
2002,113,"1","0","1","0","Amb","Amb"
2002,114,"1","1","1","1","Amb","Amb"
2002,115,"1","0","1","1","Amb","Amb"
2002,116,"1","1","1","0","Amb","Amb"
2002,117,"1","1","0","0","Amb","Amb"
2002,118,"1","1","0","1","Amb","Amb"
2002,119,"1","0","0","1","Amb","Amb"
2002,120,"1","0","0","0","Amb","Amb"
2002,121,"0","1","0","1","Amb","Amb"
2002,122,"0","0","0","1","Amb","Amb"
2002,123,"0","1","0","0","Amb","Amb"
2002,124,"0","0","0","0","Amb","Amb"
2002,125,"0","0","0","0","Amb","Amb"
2002,126,"0","1","0","1","Amb","Amb"
2002,127,"0","1","0","0","Amb","Amb"
2002,128,"0","0","0","1","Amb","Amb"
2002,129,"0","0","0","0","Amb","Amb"
2002,131,"0","0","0","0","Amb","Amb"
2002,134,"0","0","0","0","Amb","Amb"
2002,136,"0","0","0","0","Amb","Amb"
2002,137,"0","0","0","0","Amb","Amb"
2002,139,"0","0","0","0","Amb","Amb"
2002,142,"0","0","0","0","Amb","Amb"
2002,144,"0","0","0","0","Amb","Amb"
2003,1,"0","1","0","0","Amb","Amb"
2003,2,"0","0","0","1","Amb","Amb"
2003,3,"0","0","0","0","Amb","Amb"
2003,4,"0","1","0","1","Amb","Amb"
2003,5,"1","1","1","1","Amb","Amb"
2003,6,"1","0","1","1","Amb","Amb"
2003,7,"1","1","1","0","Amb","Amb"
2003,8,"1","0","1","0","Amb","Amb"
2003,9,"1","0","0","1","Amb","Amb"
2003,10,"1","1","0","0","Amb","Amb"
2003,11,"1","1","0","1","Amb","Amb"
2003,12,"1","0","0","0","Amb","Amb"
2003,13,"0","1","1","1","Amb","Amb"
2003,14,"0","0","1","1","Amb","Amb"
2003,15,"0","0","1","0","Amb","Amb"
2003,16,"0","1","1","0","Amb","Amb"
2003,17,"0","0","0","1","Amb","Amb"
2003,18,"0","1","0","0","Amb","Amb"
2003,19,"0","0","0","0","Amb","Amb"
2003,20,"0","1","0","1","Amb","Amb"
2003,21,"1","1","0","1","Amb","Amb"
2003,22,"1","0","0","0","Amb","Amb"
2003,23,"1","1","0","0","Amb","Amb"
2003,24,"1","0","0","1","Amb","Amb"
2003,25,"0","1","1","1","Amb","Amb"
2003,26,"0","0","1","1","Amb","Amb"
2003,27,"0","1","1","0","Amb","Amb"
2003,28,"0","0","1","0","Amb","Amb"
2003,29,"0","1","0","0","Amb","Amb"
2003,30,"0","0","0","0","Amb","Amb"
2003,31,"0","1","0","1","Amb","Amb"
2003,32,"0","0","0","1","Amb","Amb"
2003,33,"1","1","0","1","Amb","Amb"
2003,34,"1","0","0","0","Amb","Amb"
2003,35,"1","0","0","1","Amb","Amb"
2003,36,"1","1","0","0","Amb","Amb"
2003,37,"0","0","1","1","Amb","Amb"
2003,38,"0","1","1","1","Amb","Amb"
2003,39,"0","1","1","0","Amb","Amb"
2003,40,"0","0","1","0","Amb","Amb"
2003,41,"1","1","1","0","Amb","Amb"
2003,42,"1","0","1","0","Amb","Amb"
2003,43,"1","0","1","1","Amb","Amb"
2003,44,"1","1","1","1","Amb","Amb"
2003,45,"1","0","1","1","Amb","Amb"
2003,46,"1","1","1","1","Amb","Amb"
2003,47,"1","0","1","0","Amb","Amb"
2003,48,"1","1","1","0","Amb","Amb"
2003,49,"0","0","1","1","Amb","Amb"
2003,50,"0","0","1","0","Amb","Amb"
2003,51,"0","1","1","1","Amb","Amb"
2003,52,"0","1","1","0","Amb","Amb"
2003,53,"1","0","1","0","Amb","Amb"
2003,54,"1","0","1","1","Amb","Amb"
2003,55,"1","1","1","0","Amb","Amb"
2003,56,"1","1","1","1","Amb","Amb"
2003,57,"1","0","1","0","Amb","Amb"
2003,58,"1","1","1","0","Amb","Amb"
2003,59,"1","0","1","1","Amb","Amb"
2003,60,"1","1","1","1","Amb","Amb"
2003,61,"1","0","0","1","Amb","Amb"
2003,62,"1","1","0","1","Amb","Amb"
2003,63,"1","0","0","0","Amb","Amb"
2003,64,"1","1","0","0","Amb","Amb"
2003,65,"0","1","0","0","Amb","Amb"
2003,66,"0","0","0","0","Amb","Amb"
2003,67,"0","1","0","1","Amb","Amb"
2003,68,"0","0","0","1","Amb","Amb"
2003,69,"0","0","1","1","Amb","Amb"
2003,70,"0","0","1","0","Amb","Amb"
2003,71,"0","1","1","0","Amb","Amb"
2003,72,"0","1","1","1","Amb","Amb"
2003,73,"1","1","1","0","Amb","Amb"
2003,74,"1","1","1","1","Amb","Amb"
2003,75,"1","0","1","1","Amb","Amb"
2003,76,"1","0","1","0","Amb","Amb"
2003,77,"1","1","0","1","Amb","Amb"
2003,78,"1","1","0","0","Amb","Amb"
2003,79,"1","0","0","0","Amb","Amb"
2003,80,"1","0","0","1","Amb","Amb"
2003,81,"0","1","1","0","Amb","Amb"
2003,82,"0","0","1","0","Amb","Amb"
2003,83,"0","0","1","1","Amb","Amb"
2003,84,"0","1","1","1","Amb","Amb"
2003,85,"1","1","0","1","Amb","Amb"
2003,86,"1","0","0","0","Amb","Amb"
2003,87,"1","1","0","0","Amb","Amb"
2003,88,"1","0","0","1","Amb","Amb"
2003,89,"0","0","0","1","Amb","Amb"
2003,90,"0","0","0","0","Amb","Amb"
2003,91,"0","1","0","0","Amb","Amb"
2003,92,"0","1","0","1","Amb","Amb"
2003,93,"1","1","1","1","Amb","Amb"
2003,94,"1","0","1","0","Amb","Amb"
2003,95,"1","0","1","1","Amb","Amb"
2003,96,"1","1","1","0","Amb","Amb"
2003,97,"0","1","1","0","Amb","Amb"
2003,98,"0","0","1","1","Amb","Amb"
2003,99,"0","1","1","1","Amb","Amb"
2003,100,"0","0","1","0","Amb","Amb"
2003,101,"1","1","0","1","Amb","Amb"
2003,102,"1","1","0","0","Amb","Amb"
2003,103,"1","0","0","0","Amb","Amb"
2003,104,"1","0","0","1","Amb","Amb"
2003,105,"0","0","0","1","Amb","Amb"
2003,106,"0","1","0","1","Amb","Amb"
2003,107,"0","0","0","0","Amb","Amb"
2003,108,"0","1","0","0","Amb","Amb"
2003,109,"0","0","1","0","Amb","Amb"
2003,110,"0","1","1","0","Amb","Amb"
2003,111,"0","0","1","1","Amb","Amb"
2003,112,"0","1","1","1","Amb","Amb"
2003,113,"1","0","1","0","Amb","Amb"
2003,114,"1","1","1","1","Amb","Amb"
2003,115,"1","0","1","1","Amb","Amb"
2003,116,"1","1","1","0","Amb","Amb"
2003,117,"1","1","0","0","Amb","Amb"
2003,118,"1","1","0","1","Amb","Amb"
2003,119,"1","0","0","1","Amb","Amb"
2003,120,"1","0","0","0","Amb","Amb"
2003,121,"0","1","0","1","Amb","Amb"
2003,122,"0","0","0","1","Amb","Amb"
2003,123,"0","1","0","0","Amb","Amb"
2003,124,"0","0","0","0","Amb","Amb"
2003,125,"0","0","0","0","Amb","Amb"
2003,126,"0","1","0","1","Amb","Amb"
2003,127,"0","1","0","0","Amb","Amb"
2003,128,"0","0","0","1","Amb","Amb"
2003,129,"0","0","0","0","Amb","Amb"
2003,131,"0","0","0","0","Amb","Amb"
2003,134,"0","0","0","0","Amb","Amb"
2003,136,"0","0","0","0","Amb","Amb"
2003,137,"0","0","0","0","Amb","Amb"
2003,139,"0","0","0","0","Amb","Amb"
2003,142,"0","0","0","0","Amb","Amb"
2003,144,"0","0","0","0","Amb","Amb"
2004,1,"0","1","0","0","No","Amb"
2004,2,"0","0","0","1","No","Amb"
2004,3,"0","0","0","0","No","Amb"
2004,4,"0","1","0","1","No","Amb"
2004,5,"1","1","1","1","No","Amb"
2004,6,"1","0","1","1","No","Amb"
2004,7,"1","1","1","0","No","Amb"
2004,8,"1","0","1","0","No","Amb"
2004,9,"1","0","0","1","No","Amb"
2004,10,"1","1","0","0","No","Amb"
2004,11,"1","1","0","1","No","Amb"
2004,12,"1","0","0","0","No","Amb"
2004,13,"0","1","1","1","No","Amb"
2004,14,"0","0","1","1","No","Amb"
2004,15,"0","0","1","0","No","Amb"
2004,16,"0","1","1","0","No","Amb"
2004,17,"0","0","0","1","No","Amb"
2004,18,"0","1","0","0","No","Amb"
2004,19,"0","0","0","0","No","Amb"
2004,20,"0","1","0","1","No","Amb"
2004,21,"1","1","0","1","No","Amb"
2004,22,"1","0","0","0","No","Amb"
2004,23,"1","1","0","0","No","Amb"
2004,24,"1","0","0","1","No","Amb"
2004,25,"0","1","1","1","No","Amb"
2004,26,"0","0","1","1","No","Amb"
2004,27,"0","1","1","0","No","Amb"
2004,28,"0","0","1","0","No","Amb"
2004,29,"0","1","0","0","No","Amb"
2004,30,"0","0","0","0","No","Amb"
2004,31,"0","1","0","1","No","Amb"
2004,32,"0","0","0","1","No","Amb"
2004,33,"1","1","0","1","No","Amb"
2004,34,"1","0","0","0","No","Amb"
2004,35,"1","0","0","1","No","Amb"
2004,36,"1","1","0","0","No","Amb"
2004,37,"0","0","1","1","No","Amb"
2004,38,"0","1","1","1","No","Amb"
2004,39,"0","1","1","0","No","Amb"
2004,40,"0","0","1","0","No","Amb"
2004,41,"1","1","1","0","No","Amb"
2004,42,"1","0","1","0","No","Amb"
2004,43,"1","0","1","1","No","Amb"
2004,44,"1","1","1","1","No","Amb"
2004,45,"1","0","1","1","No","Amb"
2004,46,"1","1","1","1","No","Amb"
2004,47,"1","0","1","0","No","Amb"
2004,48,"1","1","1","0","No","Amb"
2004,49,"0","0","1","1","Yes","Amb"
2004,50,"0","0","1","0","Yes","Amb"
2004,51,"0","1","1","1","Yes","Amb"
2004,52,"0","1","1","0","Yes","Amb"
2004,53,"0","0","1","0","Yes","Amb"
2004,54,"0","0","1","1","Yes","Amb"
2004,55,"0","1","1","0","Yes","Amb"
2004,56,"0","1","1","1","Yes","Amb"
2004,57,"0","0","1","0","Yes","Amb"
2004,58,"0","1","1","0","Yes","Amb"
2004,59,"0","0","1","1","Yes","Amb"
2004,60,"0","1","1","1","Yes","Amb"
2004,61,"0","0","0","1","Yes","Amb"
2004,62,"0","1","0","1","Yes","Amb"
2004,63,"0","0","0","0","Yes","Amb"
2004,64,"0","1","0","0","Yes","Amb"
2004,65,"0","1","0","0","Yes","Amb"
2004,66,"0","0","0","0","Yes","Amb"
2004,67,"0","1","0","1","Yes","Amb"
2004,68,"0","0","0","1","Yes","Amb"
2004,69,"0","0","1","1","Yes","Amb"
2004,70,"0","0","1","0","Yes","Amb"
2004,71,"0","1","1","0","Yes","Amb"
2004,72,"0","1","1","1","Yes","Amb"
2004,73,"1","1","1","0","No","Amb"
2004,74,"1","1","1","1","No","Amb"
2004,75,"1","0","1","1","No","Amb"
2004,76,"1","0","1","0","No","Amb"
2004,77,"1","1","0","1","No","Amb"
2004,78,"1","1","0","0","No","Amb"
2004,79,"1","0","0","0","No","Amb"
2004,80,"1","0","0","1","No","Amb"
2004,81,"0","1","1","0","No","Amb"
2004,82,"0","0","1","0","No","Amb"
2004,83,"0","0","1","1","No","Amb"
2004,84,"0","1","1","1","No","Amb"
2004,85,"1","1","0","1","No","Amb"
2004,86,"1","0","0","0","No","Amb"
2004,87,"1","1","0","0","No","Amb"
2004,88,"1","0","0","1","No","Amb"
2004,89,"0","0","0","1","No","Amb"
2004,90,"0","0","0","0","No","Amb"
2004,91,"0","1","0","0","No","Amb"
2004,92,"0","1","0","1","No","Amb"
2004,93,"1","1","1","1","No","Amb"
2004,94,"1","0","1","0","No","Amb"
2004,95,"1","0","1","1","No","Amb"
2004,96,"1","1","1","0","No","Amb"
2004,97,"0","1","1","0","No","Amb"
2004,98,"0","0","1","1","No","Amb"
2004,99,"0","1","1","1","No","Amb"
2004,100,"0","0","1","0","No","Amb"
2004,101,"0","1","0","1","Yes","Amb"
2004,102,"0","1","0","0","Yes","Amb"
2004,103,"0","0","0","0","Yes","Amb"
2004,104,"0","0","0","1","Yes","Amb"
2004,105,"0","0","0","1","No","Amb"
2004,106,"0","1","0","1","No","Amb"
2004,107,"0","0","0","0","No","Amb"
2004,108,"0","1","0","0","No","Amb"
2004,109,"0","0","1","0","No","Amb"
2004,110,"0","1","1","0","No","Amb"
2004,111,"0","0","1","1","No","Amb"
2004,112,"0","1","1","1","No","Amb"
2004,113,"1","0","1","0","No","Amb"
2004,114,"1","1","1","1","No","Amb"
2004,115,"1","0","1","1","No","Amb"
2004,116,"1","1","1","0","No","Amb"
2004,117,"1","1","0","0","No","Amb"
2004,118,"1","1","0","1","No","Amb"
2004,119,"1","0","0","1","No","Amb"
2004,120,"1","0","0","0","No","Amb"
2004,121,"0","1","0","1","No","Amb"
2004,122,"0","0","0","1","No","Amb"
2004,123,"0","1","0","0","No","Amb"
2004,124,"0","0","0","0","No","Amb"
2004,125,"0","0","0","0","Yes","Amb"
2004,126,"0","1","0","1","Yes","Amb"
2004,127,"0","1","0","0","Yes","Amb"
2004,128,"0","0","0","1","Yes","Amb"
2004,129,"0","0","0","0","No","Amb"
2004,131,"0","0","0","0","No","Amb"
2004,134,"0","0","0","0","Yes","Amb"
2004,136,"0","0","0","0","Yes","Amb"
2004,137,"0","0","0","0","No","Amb"
2004,139,"0","0","0","0","No","Amb"
2004,142,"0","0","0","0","No","Amb"
2004,144,"0","0","0","0","No","Amb"
2005,1,"0","1","0","0","Amb","Amb"
2005,2,"0","0","0","1","Amb","Amb"
2005,3,"0","0","0","0","Amb","Amb"
2005,4,"0","1","0","1","Amb","Amb"
2005,5,"1","1","1","1","Amb","Amb"
2005,6,"1","0","1","1","Amb","Amb"
2005,7,"1","1","1","0","Amb","Amb"
2005,8,"1","0","1","0","Amb","Amb"
2005,9,"1","0","0","1","Amb","Amb"
2005,10,"1","1","0","0","Amb","Amb"
2005,11,"1","1","0","1","Amb","Amb"
2005,12,"1","0","0","0","Amb","Amb"
2005,13,"0","1","1","1","Amb","Amb"
2005,14,"0","0","1","1","Amb","Amb"
2005,15,"0","0","1","0","Amb","Amb"
2005,16,"0","1","1","0","Amb","Amb"
2005,17,"0","0","0","1","Amb","Amb"
2005,18,"0","1","0","0","Amb","Amb"
2005,19,"0","0","0","0","Amb","Amb"
2005,20,"0","1","0","1","Amb","Amb"
2005,21,"1","1","0","1","Amb","Amb"
2005,22,"1","0","0","0","Amb","Amb"
2005,23,"1","1","0","0","Amb","Amb"
2005,24,"1","0","0","1","Amb","Amb"
2005,25,"0","1","1","1","Amb","Amb"
2005,26,"0","0","1","1","Amb","Amb"
2005,27,"0","1","1","0","Amb","Amb"
2005,28,"0","0","1","0","Amb","Amb"
2005,29,"0","1","0","0","Amb","Amb"
2005,30,"0","0","0","0","Amb","Amb"
2005,31,"0","1","0","1","Amb","Amb"
2005,32,"0","0","0","1","Amb","Amb"
2005,33,"1","1","0","1","Amb","Amb"
2005,34,"1","0","0","0","Amb","Amb"
2005,35,"1","0","0","1","Amb","Amb"
2005,36,"1","1","0","0","Amb","Amb"
2005,37,"0","0","1","1","Amb","Amb"
2005,38,"0","1","1","1","Amb","Amb"
2005,39,"0","1","1","0","Amb","Amb"
2005,40,"0","0","1","0","Amb","Amb"
2005,41,"1","1","1","0","Amb","Amb"
2005,42,"1","0","1","0","Amb","Amb"
2005,43,"1","0","1","1","Amb","Amb"
2005,44,"1","1","1","1","Amb","Amb"
2005,45,"1","0","1","1","Amb","Amb"
2005,46,"1","1","1","1","Amb","Amb"
2005,47,"1","0","1","0","Amb","Amb"
2005,48,"1","1","1","0","Amb","Amb"
2005,49,"0","0","1","1","Amb","Amb"
2005,50,"0","0","1","0","Amb","Amb"
2005,51,"0","1","1","1","Amb","Amb"
2005,52,"0","1","1","0","Amb","Amb"
2005,53,"0","0","1","0","Amb","Amb"
2005,54,"0","0","1","1","Amb","Amb"
2005,55,"0","1","1","0","Amb","Amb"
2005,56,"0","1","1","1","Amb","Amb"
2005,57,"0","0","1","0","Amb","Amb"
2005,58,"0","1","1","0","Amb","Amb"
2005,59,"0","0","1","1","Amb","Amb"
2005,60,"0","1","1","1","Amb","Amb"
2005,61,"0","0","0","1","Amb","Amb"
2005,62,"0","1","0","1","Amb","Amb"
2005,63,"0","0","0","0","Amb","Amb"
2005,64,"0","1","0","0","Amb","Amb"
2005,65,"0","1","0","0","Amb","Amb"
2005,66,"0","0","0","0","Amb","Amb"
2005,67,"0","1","0","1","Amb","Amb"
2005,68,"0","0","0","1","Amb","Amb"
2005,69,"0","0","1","1","Amb","Amb"
2005,70,"0","0","1","0","Amb","Amb"
2005,71,"0","1","1","0","Amb","Amb"
2005,72,"0","1","1","1","Amb","Amb"
2005,73,"1","1","1","0","Amb","Amb"
2005,74,"1","1","1","1","Amb","Amb"
2005,75,"1","0","1","1","Amb","Amb"
2005,76,"1","0","1","0","Amb","Amb"
2005,77,"1","1","0","1","Amb","Amb"
2005,78,"1","1","0","0","Amb","Amb"
2005,79,"1","0","0","0","Amb","Amb"
2005,80,"1","0","0","1","Amb","Amb"
2005,81,"0","1","1","0","Amb","Amb"
2005,82,"0","0","1","0","Amb","Amb"
2005,83,"0","0","1","1","Amb","Amb"
2005,84,"0","1","1","1","Amb","Amb"
2005,85,"1","1","0","1","Amb","Amb"
2005,86,"1","0","0","0","Amb","Amb"
2005,87,"1","1","0","0","Amb","Amb"
2005,88,"1","0","0","1","Amb","Amb"
2005,89,"0","0","0","1","Amb","Amb"
2005,90,"0","0","0","0","Amb","Amb"
2005,91,"0","1","0","0","Amb","Amb"
2005,92,"0","1","0","1","Amb","Amb"
2005,93,"1","1","1","1","Amb","Amb"
2005,94,"1","0","1","0","Amb","Amb"
2005,95,"1","0","1","1","Amb","Amb"
2005,96,"1","1","1","0","Amb","Amb"
2005,97,"0","1","1","0","Amb","Amb"
2005,98,"0","0","1","1","Amb","Amb"
2005,99,"0","1","1","1","Amb","Amb"
2005,100,"0","0","1","0","Amb","Amb"
2005,101,"0","1","0","1","Amb","Amb"
2005,102,"0","1","0","0","Amb","Amb"
2005,103,"0","0","0","0","Amb","Amb"
2005,104,"0","0","0","1","Amb","Amb"
2005,105,"0","0","0","1","Amb","Amb"
2005,106,"0","1","0","1","Amb","Amb"
2005,107,"0","0","0","0","Amb","Amb"
2005,108,"0","1","0","0","Amb","Amb"
2005,109,"0","0","1","0","Amb","Amb"
2005,110,"0","1","1","0","Amb","Amb"
2005,111,"0","0","1","1","Amb","Amb"
2005,112,"0","1","1","1","Amb","Amb"
2005,113,"1","0","1","0","Amb","Amb"
2005,114,"1","1","1","1","Amb","Amb"
2005,115,"1","0","1","1","Amb","Amb"
2005,116,"1","1","1","0","Amb","Amb"
2005,117,"1","1","0","0","Amb","Amb"
2005,118,"1","1","0","1","Amb","Amb"
2005,119,"1","0","0","1","Amb","Amb"
2005,120,"1","0","0","0","Amb","Amb"
2005,121,"0","1","0","1","Amb","Amb"
2005,122,"0","0","0","1","Amb","Amb"
2005,123,"0","1","0","0","Amb","Amb"
2005,124,"0","0","0","0","Amb","Amb"
2005,125,"0","0","0","0","Amb","Amb"
2005,126,"0","1","0","1","Amb","Amb"
2005,127,"0","1","0","0","Amb","Amb"
2005,128,"0","0","0","1","Amb","Amb"
2005,129,"0","0","0","0","Amb","Amb"
2005,131,"0","0","0","0","Amb","Amb"
2005,134,"0","0","0","0","Amb","Amb"
2005,136,"0","0","0","0","Amb","Amb"
2005,137,"0","0","0","0","Amb","Amb"
2005,139,"0","0","0","0","Amb","Amb"
2005,142,"0","0","0","0","Amb","Amb"
2005,144,"0","0","0","0","Amb","Amb"
2006,1,"0","1","0","0","Amb","Amb"
2006,2,"0","0","0","1","Amb","Amb"
2006,3,"0","0","0","0","Amb","Amb"
2006,4,"0","1","0","1","Amb","Amb"
2006,5,"1","1","1","1","Amb","Amb"
2006,6,"1","0","1","1","Amb","Amb"
2006,7,"1","1","1","0","Amb","Amb"
2006,8,"1","0","1","0","Amb","Amb"
2006,9,"1","0","0","1","Amb","Amb"
2006,10,"1","1","0","0","Amb","Amb"
2006,11,"1","1","0","1","Amb","Amb"
2006,12,"1","0","0","0","Amb","Amb"
2006,13,"0","1","1","1","Amb","Amb"
2006,14,"0","0","1","1","Amb","Amb"
2006,15,"0","0","1","0","Amb","Amb"
2006,16,"0","1","1","0","Amb","Amb"
2006,17,"0","0","0","1","Amb","Amb"
2006,18,"0","1","0","0","Amb","Amb"
2006,19,"0","0","0","0","Amb","Amb"
2006,20,"0","1","0","1","Amb","Amb"
2006,21,"1","1","0","1","Amb","Amb"
2006,22,"1","0","0","0","Amb","Amb"
2006,23,"1","1","0","0","Amb","Amb"
2006,24,"1","0","0","1","Amb","Amb"
2006,25,"0","1","1","1","Amb","Amb"
2006,26,"0","0","1","1","Amb","Amb"
2006,27,"0","1","1","0","Amb","Amb"
2006,28,"0","0","1","0","Amb","Amb"
2006,29,"0","1","0","0","Amb","Amb"
2006,30,"0","0","0","0","Amb","Amb"
2006,31,"0","1","0","1","Amb","Amb"
2006,32,"0","0","0","1","Amb","Amb"
2006,33,"1","1","0","1","Amb","Amb"
2006,34,"1","0","0","0","Amb","Amb"
2006,35,"1","0","0","1","Amb","Amb"
2006,36,"1","1","0","0","Amb","Amb"
2006,37,"0","0","1","1","Amb","Amb"
2006,38,"0","1","1","1","Amb","Amb"
2006,39,"0","1","1","0","Amb","Amb"
2006,40,"0","0","1","0","Amb","Amb"
2006,41,"1","1","1","0","Amb","Amb"
2006,42,"1","0","1","0","Amb","Amb"
2006,43,"1","0","1","1","Amb","Amb"
2006,44,"1","1","1","1","Amb","Amb"
2006,45,"1","0","1","1","Amb","Amb"
2006,46,"1","1","1","1","Amb","Amb"
2006,47,"1","0","1","0","Amb","Amb"
2006,48,"1","1","1","0","Amb","Amb"
2006,49,"0","0","1","1","Amb","Amb"
2006,50,"0","0","1","0","Amb","Amb"
2006,51,"0","1","1","1","Amb","Amb"
2006,52,"0","1","1","0","Amb","Amb"
2006,53,"0","0","1","0","Amb","Amb"
2006,54,"0","0","1","1","Amb","Amb"
2006,55,"0","1","1","0","Amb","Amb"
2006,56,"0","1","1","1","Amb","Amb"
2006,57,"0","0","1","0","Amb","Amb"
2006,58,"0","1","1","0","Amb","Amb"
2006,59,"0","0","1","1","Amb","Amb"
2006,60,"0","1","1","1","Amb","Amb"
2006,61,"0","0","0","1","Amb","Amb"
2006,62,"0","1","0","1","Amb","Amb"
2006,63,"0","0","0","0","Amb","Amb"
2006,64,"0","1","0","0","Amb","Amb"
2006,65,"0","1","0","0","Amb","Amb"
2006,66,"0","0","0","0","Amb","Amb"
2006,67,"0","1","0","1","Amb","Amb"
2006,68,"0","0","0","1","Amb","Amb"
2006,69,"0","0","1","1","Amb","Amb"
2006,70,"0","0","1","0","Amb","Amb"
2006,71,"0","1","1","0","Amb","Amb"
2006,72,"0","1","1","1","Amb","Amb"
2006,73,"1","1","1","0","Amb","Amb"
2006,74,"1","1","1","1","Amb","Amb"
2006,75,"1","0","1","1","Amb","Amb"
2006,76,"1","0","1","0","Amb","Amb"
2006,77,"1","1","0","1","Amb","Amb"
2006,78,"1","1","0","0","Amb","Amb"
2006,79,"1","0","0","0","Amb","Amb"
2006,80,"1","0","0","1","Amb","Amb"
2006,81,"0","1","1","0","Amb","Amb"
2006,82,"0","0","1","0","Amb","Amb"
2006,83,"0","0","1","1","Amb","Amb"
2006,84,"0","1","1","1","Amb","Amb"
2006,85,"1","1","0","1","Amb","Amb"
2006,86,"1","0","0","0","Amb","Amb"
2006,87,"1","1","0","0","Amb","Amb"
2006,88,"1","0","0","1","Amb","Amb"
2006,89,"0","0","0","1","Amb","Amb"
2006,90,"0","0","0","0","Amb","Amb"
2006,91,"0","1","0","0","Amb","Amb"
2006,92,"0","1","0","1","Amb","Amb"
2006,93,"1","1","1","1","Amb","Amb"
2006,94,"1","0","1","0","Amb","Amb"
2006,95,"1","0","1","1","Amb","Amb"
2006,96,"1","1","1","0","Amb","Amb"
2006,97,"0","1","1","0","Amb","Amb"
2006,98,"0","0","1","1","Amb","Amb"
2006,99,"0","1","1","1","Amb","Amb"
2006,100,"0","0","1","0","Amb","Amb"
2006,101,"0","1","0","1","Amb","Amb"
2006,102,"0","1","0","0","Amb","Amb"
2006,103,"0","0","0","0","Amb","Amb"
2006,104,"0","0","0","1","Amb","Amb"
2006,105,"0","0","0","1","Amb","Amb"
2006,106,"0","1","0","1","Amb","Amb"
2006,107,"0","0","0","0","Amb","Amb"
2006,108,"0","1","0","0","Amb","Amb"
2006,109,"0","0","1","0","Amb","Amb"
2006,110,"0","1","1","0","Amb","Amb"
2006,111,"0","0","1","1","Amb","Amb"
2006,112,"0","1","1","1","Amb","Amb"
2006,113,"1","0","1","0","Amb","Amb"
2006,114,"1","1","1","1","Amb","Amb"
2006,115,"1","0","1","1","Amb","Amb"
2006,116,"1","1","1","0","Amb","Amb"
2006,117,"1","1","0","0","Amb","Amb"
2006,118,"1","1","0","1","Amb","Amb"
2006,119,"1","0","0","1","Amb","Amb"
2006,120,"1","0","0","0","Amb","Amb"
2006,121,"0","1","0","1","Amb","Amb"
2006,122,"0","0","0","1","Amb","Amb"
2006,123,"0","1","0","0","Amb","Amb"
2006,124,"0","0","0","0","Amb","Amb"
2006,125,"0","0","0","0","Amb","Amb"
2006,126,"0","1","0","1","Amb","Amb"
2006,127,"0","1","0","0","Amb","Amb"
2006,128,"0","0","0","1","Amb","Amb"
2006,129,"0","0","0","0","Amb","Amb"
2006,131,"0","0","0","0","Amb","Amb"
2006,134,"0","0","0","0","Amb","Amb"
2006,136,"0","0","0","0","Amb","Amb"
2006,137,"0","0","0","0","Amb","Amb"
2006,139,"0","0","0","0","Amb","Amb"
2006,142,"0","0","0","0","Amb","Amb"
2006,144,"0","0","0","0","Amb","Amb"
2007,1,"0","1","0","0","Amb","Amb"
2007,2,"0","0","0","1","Amb","Amb"
2007,3,"0","0","0","0","Amb","Amb"
2007,4,"0","1","0","1","Amb","Amb"
2007,5,"1","1","1","1","Amb","Amb"
2007,6,"1","0","1","1","Amb","Amb"
2007,7,"1","1","1","0","Amb","Amb"
2007,8,"1","0","1","0","Amb","Amb"
2007,9,"1","0","0","1","Amb","Amb"
2007,10,"1","1","0","0","Amb","Amb"
2007,11,"1","1","0","1","Amb","Amb"
2007,12,"1","0","0","0","Amb","Amb"
2007,13,"0","1","1","1","Amb","Amb"
2007,14,"0","0","1","1","Amb","Amb"
2007,15,"0","0","1","0","Amb","Amb"
2007,16,"0","1","1","0","Amb","Amb"
2007,17,"0","0","0","1","Amb","Amb"
2007,18,"0","1","0","0","Amb","Amb"
2007,19,"0","0","0","0","Amb","Amb"
2007,20,"0","1","0","1","Amb","Amb"
2007,21,"1","1","0","1","Amb","Amb"
2007,22,"1","0","0","0","Amb","Amb"
2007,23,"1","1","0","0","Amb","Amb"
2007,24,"1","0","0","1","Amb","Amb"
2007,25,"0","1","1","1","Amb","Amb"
2007,26,"0","0","1","1","Amb","Amb"
2007,27,"0","1","1","0","Amb","Amb"
2007,28,"0","0","1","0","Amb","Amb"
2007,29,"0","1","0","0","Amb","Amb"
2007,30,"0","0","0","0","Amb","Amb"
2007,31,"0","1","0","1","Amb","Amb"
2007,32,"0","0","0","1","Amb","Amb"
2007,33,"1","1","0","1","Amb","Amb"
2007,34,"1","0","0","0","Amb","Amb"
2007,35,"1","0","0","1","Amb","Amb"
2007,36,"1","1","0","0","Amb","Amb"
2007,37,"0","0","1","1","Amb","Amb"
2007,38,"0","1","1","1","Amb","Amb"
2007,39,"0","1","1","0","Amb","Amb"
2007,40,"0","0","1","0","Amb","Amb"
2007,41,"1","1","1","0","Amb","Amb"
2007,42,"1","0","1","0","Amb","Amb"
2007,43,"1","0","1","1","Amb","Amb"
2007,44,"1","1","1","1","Amb","Amb"
2007,45,"1","0","1","1","Amb","Amb"
2007,46,"1","1","1","1","Amb","Amb"
2007,47,"1","0","1","0","Amb","Amb"
2007,48,"1","1","1","0","Amb","Amb"
2007,49,"0","0","1","1","Amb","Amb"
2007,50,"0","0","1","0","Amb","Amb"
2007,51,"0","1","1","1","Amb","Amb"
2007,52,"0","1","1","0","Amb","Amb"
2007,53,"1","0","1","0","Amb","Amb"
2007,54,"1","0","1","1","Amb","Amb"
2007,55,"1","1","1","0","Amb","Amb"
2007,56,"1","1","1","1","Amb","Amb"
2007,57,"1","0","1","0","Amb","Amb"
2007,58,"1","1","1","0","Amb","Amb"
2007,59,"1","0","1","1","Amb","Amb"
2007,60,"1","1","1","1","Amb","Amb"
2007,61,"1","0","0","1","Amb","Amb"
2007,62,"1","1","0","1","Amb","Amb"
2007,63,"1","0","0","0","Amb","Amb"
2007,64,"1","1","0","0","Amb","Amb"
2007,65,"0","1","0","0","Amb","Amb"
2007,66,"0","0","0","0","Amb","Amb"
2007,67,"0","1","0","1","Amb","Amb"
2007,68,"0","0","0","1","Amb","Amb"
2007,69,"0","0","1","1","Amb","Amb"
2007,70,"0","0","1","0","Amb","Amb"
2007,71,"0","1","1","0","Amb","Amb"
2007,72,"0","1","1","1","Amb","Amb"
2007,73,"1","1","1","0","Amb","Amb"
2007,74,"1","1","1","1","Amb","Amb"
2007,75,"1","0","1","1","Amb","Amb"
2007,76,"1","0","1","0","Amb","Amb"
2007,77,"1","1","0","1","Amb","Amb"
2007,78,"1","1","0","0","Amb","Amb"
2007,79,"1","0","0","0","Amb","Amb"
2007,80,"1","0","0","1","Amb","Amb"
2007,81,"0","1","1","0","Amb","Amb"
2007,82,"0","0","1","0","Amb","Amb"
2007,83,"0","0","1","1","Amb","Amb"
2007,84,"0","1","1","1","Amb","Amb"
2007,85,"1","1","0","1","Amb","Amb"
2007,86,"1","0","0","0","Amb","Amb"
2007,87,"1","1","0","0","Amb","Amb"
2007,88,"1","0","0","1","Amb","Amb"
2007,89,"0","0","0","1","Amb","Amb"
2007,90,"0","0","0","0","Amb","Amb"
2007,91,"0","1","0","0","Amb","Amb"
2007,92,"0","1","0","1","Amb","Amb"
2007,93,"1","1","1","1","Amb","Amb"
2007,94,"1","0","1","0","Amb","Amb"
2007,95,"1","0","1","1","Amb","Amb"
2007,96,"1","1","1","0","Amb","Amb"
2007,97,"0","1","1","0","Amb","Amb"
2007,98,"0","0","1","1","Amb","Amb"
2007,99,"0","1","1","1","Amb","Amb"
2007,100,"0","0","1","0","Amb","Amb"
2007,101,"1","1","0","1","Amb","Amb"
2007,102,"1","1","0","0","Amb","Amb"
2007,103,"1","0","0","0","Amb","Amb"
2007,104,"1","0","0","1","Amb","Amb"
2007,105,"0","0","0","1","Amb","Amb"
2007,106,"0","1","0","1","Amb","Amb"
2007,107,"0","0","0","0","Amb","Amb"
2007,108,"0","1","0","0","Amb","Amb"
2007,109,"0","0","1","0","Amb","Amb"
2007,110,"0","1","1","0","Amb","Amb"
2007,111,"0","0","1","1","Amb","Amb"
2007,112,"0","1","1","1","Amb","Amb"
2007,113,"1","0","1","0","Amb","Amb"
2007,114,"1","1","1","1","Amb","Amb"
2007,115,"1","0","1","1","Amb","Amb"
2007,116,"1","1","1","0","Amb","Amb"
2007,117,"1","1","0","0","Amb","Amb"
2007,118,"1","1","0","1","Amb","Amb"
2007,119,"1","0","0","1","Amb","Amb"
2007,120,"1","0","0","0","Amb","Amb"
2007,121,"0","1","0","1","Amb","Amb"
2007,122,"0","0","0","1","Amb","Amb"
2007,123,"0","1","0","0","Amb","Amb"
2007,124,"0","0","0","0","Amb","Amb"
2007,125,"0","0","0","0","Amb","Amb"
2007,126,"0","1","0","1","Amb","Amb"
2007,127,"0","1","0","0","Amb","Amb"
2007,128,"0","0","0","1","Amb","Amb"
2007,129,"0","0","0","0","Amb","Amb"
2007,131,"0","0","0","0","Amb","Amb"
2007,134,"0","0","0","0","Amb","Amb"
2007,136,"0","0","0","0","Amb","Amb"
2007,137,"0","0","0","0","Amb","Amb"
2007,139,"0","0","0","0","Amb","Amb"
2007,142,"0","0","0","0","Amb","Amb"
2007,144,"0","0","0","0","Amb","Amb"
2008,1,"0","1","0","0","Amb","Amb"
2008,2,"0","0","0","1","Amb","Amb"
2008,3,"0","0","0","0","Amb","Amb"
2008,4,"0","1","0","1","Amb","Amb"
2008,5,"1","1","1","1","Amb","Amb"
2008,6,"1","0","1","1","Amb","Amb"
2008,7,"1","1","1","0","Amb","Amb"
2008,8,"1","0","1","0","Amb","Amb"
2008,9,"1","0","0","1","Amb","Amb"
2008,10,"1","1","0","0","Amb","Amb"
2008,11,"1","1","0","1","Amb","Amb"
2008,12,"1","0","0","0","Amb","Amb"
2008,13,"0","1","1","1","Amb","Amb"
2008,14,"0","0","1","1","Amb","Amb"
2008,15,"0","0","1","0","Amb","Amb"
2008,16,"0","1","1","0","Amb","Amb"
2008,17,"0","0","0","1","Amb","Amb"
2008,18,"0","1","0","0","Amb","Amb"
2008,19,"0","0","0","0","Amb","Amb"
2008,20,"0","1","0","1","Amb","Amb"
2008,21,"1","1","0","1","Amb","Amb"
2008,22,"1","0","0","0","Amb","Amb"
2008,23,"1","1","0","0","Amb","Amb"
2008,24,"1","0","0","1","Amb","Amb"
2008,25,"0","1","1","1","Amb","Amb"
2008,26,"0","0","1","1","Amb","Amb"
2008,27,"0","1","1","0","Amb","Amb"
2008,28,"0","0","1","0","Amb","Amb"
2008,29,"0","1","0","0","Amb","Amb"
2008,30,"0","0","0","0","Amb","Amb"
2008,31,"0","1","0","1","Amb","Amb"
2008,32,"0","0","0","1","Amb","Amb"
2008,33,"1","1","0","1","Amb","Amb"
2008,34,"1","0","0","0","Amb","Amb"
2008,35,"1","0","0","1","Amb","Amb"
2008,36,"1","1","0","0","Amb","Amb"
2008,37,"0","0","1","1","Amb","Amb"
2008,38,"0","1","1","1","Amb","Amb"
2008,39,"0","1","1","0","Amb","Amb"
2008,40,"0","0","1","0","Amb","Amb"
2008,41,"1","1","1","0","Amb","Amb"
2008,42,"1","0","1","0","Amb","Amb"
2008,43,"1","0","1","1","Amb","Amb"
2008,44,"1","1","1","1","Amb","Amb"
2008,45,"1","0","1","1","Amb","Amb"
2008,46,"1","1","1","1","Amb","Amb"
2008,47,"1","0","1","0","Amb","Amb"
2008,48,"1","1","1","0","Amb","Amb"
2008,49,"0","0","1","1","Amb","Amb"
2008,50,"0","0","1","0","Amb","Amb"
2008,51,"0","1","1","1","Amb","Amb"
2008,52,"0","1","1","0","Amb","Amb"
2008,53,"1","0","1","0","Amb","Amb"
2008,54,"1","0","1","1","Amb","Amb"
2008,55,"1","1","1","0","Amb","Amb"
2008,56,"1","1","1","1","Amb","Amb"
2008,57,"1","0","1","0","Amb","Amb"
2008,58,"1","1","1","0","Amb","Amb"
2008,59,"1","0","1","1","Amb","Amb"
2008,60,"1","1","1","1","Amb","Amb"
2008,61,"1","0","0","1","Amb","Amb"
2008,62,"1","1","0","1","Amb","Amb"
2008,63,"1","0","0","0","Amb","Amb"
2008,64,"1","1","0","0","Amb","Amb"
2008,65,"0","1","0","0","Amb","Amb"
2008,66,"0","0","0","0","Amb","Amb"
2008,67,"0","1","0","1","Amb","Amb"
2008,68,"0","0","0","1","Amb","Amb"
2008,69,"0","0","1","1","Amb","Amb"
2008,70,"0","0","1","0","Amb","Amb"
2008,71,"0","1","1","0","Amb","Amb"
2008,72,"0","1","1","1","Amb","Amb"
2008,73,"1","1","1","0","Amb","Amb"
2008,74,"1","1","1","1","Amb","Amb"
2008,75,"1","0","1","1","Amb","Amb"
2008,76,"1","0","1","0","Amb","Amb"
2008,77,"1","1","0","1","Amb","Amb"
2008,78,"1","1","0","0","Amb","Amb"
2008,79,"1","0","0","0","Amb","Amb"
2008,80,"1","0","0","1","Amb","Amb"
2008,81,"0","1","1","0","Amb","Amb"
2008,82,"0","0","1","0","Amb","Amb"
2008,83,"0","0","1","1","Amb","Amb"
2008,84,"0","1","1","1","Amb","Amb"
2008,85,"1","1","0","1","Amb","Amb"
2008,86,"1","0","0","0","Amb","Amb"
2008,87,"1","1","0","0","Amb","Amb"
2008,88,"1","0","0","1","Amb","Amb"
2008,89,"0","0","0","1","Amb","Amb"
2008,90,"0","0","0","0","Amb","Amb"
2008,91,"0","1","0","0","Amb","Amb"
2008,92,"0","1","0","1","Amb","Amb"
2008,93,"1","1","1","1","Amb","Amb"
2008,94,"1","0","1","0","Amb","Amb"
2008,95,"1","0","1","1","Amb","Amb"
2008,96,"1","1","1","0","Amb","Amb"
2008,97,"0","1","1","0","Amb","Amb"
2008,98,"0","0","1","1","Amb","Amb"
2008,99,"0","1","1","1","Amb","Amb"
2008,100,"0","0","1","0","Amb","Amb"
2008,101,"1","1","0","1","Amb","Amb"
2008,102,"1","1","0","0","Amb","Amb"
2008,103,"1","0","0","0","Amb","Amb"
2008,104,"1","0","0","1","Amb","Amb"
2008,105,"0","0","0","1","Amb","Amb"
2008,106,"0","1","0","1","Amb","Amb"
2008,107,"0","0","0","0","Amb","Amb"
2008,108,"0","1","0","0","Amb","Amb"
2008,109,"0","0","1","0","Amb","Amb"
2008,110,"0","1","1","0","Amb","Amb"
2008,111,"0","0","1","1","Amb","Amb"
2008,112,"0","1","1","1","Amb","Amb"
2008,113,"1","0","1","0","Amb","Amb"
2008,114,"1","1","1","1","Amb","Amb"
2008,115,"1","0","1","1","Amb","Amb"
2008,116,"1","1","1","0","Amb","Amb"
2008,117,"1","1","0","0","Amb","Amb"
2008,118,"1","1","0","1","Amb","Amb"
2008,119,"1","0","0","1","Amb","Amb"
2008,120,"1","0","0","0","Amb","Amb"
2008,121,"0","1","0","1","Amb","Amb"
2008,122,"0","0","0","1","Amb","Amb"
2008,123,"0","1","0","0","Amb","Amb"
2008,124,"0","0","0","0","Amb","Amb"
2008,125,"0","0","0","0","Amb","Amb"
2008,126,"0","1","0","1","Amb","Amb"
2008,127,"0","1","0","0","Amb","Amb"
2008,128,"0","0","0","1","Amb","Amb"
2008,129,"0","0","0","0","Amb","Amb"
2008,131,"0","0","0","0","Amb","Amb"
2008,134,"0","0","0","0","Amb","Amb"
2008,136,"0","0","0","0","Amb","Amb"
2008,137,"0","0","0","0","Amb","Amb"
2008,139,"0","0","0","0","Amb","Amb"
2008,142,"0","0","0","0","Amb","Amb"
2008,144,"0","0","0","0","Amb","Amb"
2009,1,"0","1","0","0","Amb","Amb"
2009,2,"0","0","0","1","Amb","Amb"
2009,3,"0","0","0","0","Amb","Amb"
2009,4,"0","1","0","1","Amb","Amb"
2009,5,"1","1","1","1","Amb","Amb"
2009,6,"1","0","1","1","Amb","Amb"
2009,7,"1","1","1","0","Amb","Amb"
2009,8,"1","0","1","0","Amb","Amb"
2009,9,"1","0","0","1","Amb","Amb"
2009,10,"1","1","0","0","Amb","Amb"
2009,11,"1","1","0","1","Amb","Amb"
2009,12,"1","0","0","0","Amb","Amb"
2009,13,"0","1","1","1","Amb","Amb"
2009,14,"0","0","1","1","Amb","Amb"
2009,15,"0","0","1","0","Amb","Amb"
2009,16,"0","1","1","0","Amb","Amb"
2009,17,"0","0","0","1","Amb","Amb"
2009,18,"0","1","0","0","Amb","Amb"
2009,19,"0","0","0","0","Amb","Amb"
2009,20,"0","1","0","1","Amb","Amb"
2009,21,"1","1","0","1","Amb","Amb"
2009,22,"1","0","0","0","Amb","Amb"
2009,23,"1","1","0","0","Amb","Amb"
2009,24,"1","0","0","1","Amb","Amb"
2009,25,"0","1","1","1","Amb","Amb"
2009,26,"0","0","1","1","Amb","Amb"
2009,27,"0","1","1","0","Amb","Amb"
2009,28,"0","0","1","0","Amb","Amb"
2009,29,"0","1","0","0","Amb","Amb"
2009,30,"0","0","0","0","Amb","Amb"
2009,31,"0","1","0","1","Amb","Amb"
2009,32,"0","0","0","1","Amb","Amb"
2009,33,"1","1","0","1","Amb","Amb"
2009,34,"1","0","0","0","Amb","Amb"
2009,35,"1","0","0","1","Amb","Amb"
2009,36,"1","1","0","0","Amb","Amb"
2009,37,"0","0","1","1","Amb","Amb"
2009,38,"0","1","1","1","Amb","Amb"
2009,39,"0","1","1","0","Amb","Amb"
2009,40,"0","0","1","0","Amb","Amb"
2009,41,"1","1","1","0","Amb","Amb"
2009,42,"1","0","1","0","Amb","Amb"
2009,43,"1","0","1","1","Amb","Amb"
2009,44,"1","1","1","1","Amb","Amb"
2009,45,"1","0","1","1","Amb","Amb"
2009,46,"1","1","1","1","Amb","Amb"
2009,47,"1","0","1","0","Amb","Amb"
2009,48,"1","1","1","0","Amb","Amb"
2009,49,"0","0","1","1","Amb","Amb"
2009,50,"0","0","1","0","Amb","Amb"
2009,51,"0","1","1","1","Amb","Amb"
2009,52,"0","1","1","0","Amb","Amb"
2009,53,"1","0","1","0","Amb","Amb"
2009,54,"1","0","1","1","Amb","Amb"
2009,55,"1","1","1","0","Amb","Amb"
2009,56,"1","1","1","1","Amb","Amb"
2009,57,"1","0","1","0","Amb","Amb"
2009,58,"1","1","1","0","Amb","Amb"
2009,59,"1","0","1","1","Amb","Amb"
2009,60,"1","1","1","1","Amb","Amb"
2009,61,"1","0","0","1","Amb","Amb"
2009,62,"1","1","0","1","Amb","Amb"
2009,63,"1","0","0","0","Amb","Amb"
2009,64,"1","1","0","0","Amb","Amb"
2009,65,"0","1","0","0","Amb","Amb"
2009,66,"0","0","0","0","Amb","Amb"
2009,67,"0","1","0","1","Amb","Amb"
2009,68,"0","0","0","1","Amb","Amb"
2009,69,"0","0","1","1","Amb","Amb"
2009,70,"0","0","1","0","Amb","Amb"
2009,71,"0","1","1","0","Amb","Amb"
2009,72,"0","1","1","1","Amb","Amb"
2009,73,"1","1","1","0","Amb","Amb"
2009,74,"1","1","1","1","Amb","Amb"
2009,75,"1","0","1","1","Amb","Amb"
2009,76,"1","0","1","0","Amb","Amb"
2009,77,"1","1","0","1","Amb","Amb"
2009,78,"1","1","0","0","Amb","Amb"
2009,79,"1","0","0","0","Amb","Amb"
2009,80,"1","0","0","1","Amb","Amb"
2009,81,"0","1","1","0","Amb","Amb"
2009,82,"0","0","1","0","Amb","Amb"
2009,83,"0","0","1","1","Amb","Amb"
2009,84,"0","1","1","1","Amb","Amb"
2009,85,"1","1","0","1","Amb","Amb"
2009,86,"1","0","0","0","Amb","Amb"
2009,87,"1","1","0","0","Amb","Amb"
2009,88,"1","0","0","1","Amb","Amb"
2009,89,"0","0","0","1","Amb","Amb"
2009,90,"0","0","0","0","Amb","Amb"
2009,91,"0","1","0","0","Amb","Amb"
2009,92,"0","1","0","1","Amb","Amb"
2009,93,"1","1","1","1","Amb","Amb"
2009,94,"1","0","1","0","Amb","Amb"
2009,95,"1","0","1","1","Amb","Amb"
2009,96,"1","1","1","0","Amb","Amb"
2009,97,"0","1","1","0","Amb","Amb"
2009,98,"0","0","1","1","Amb","Amb"
2009,99,"0","1","1","1","Amb","Amb"
2009,100,"0","0","1","0","Amb","Amb"
2009,101,"1","1","0","1","Amb","Amb"
2009,102,"1","1","0","0","Amb","Amb"
2009,103,"1","0","0","0","Amb","Amb"
2009,104,"1","0","0","1","Amb","Amb"
2009,105,"0","0","0","1","Amb","Amb"
2009,106,"0","1","0","1","Amb","Amb"
2009,107,"0","0","0","0","Amb","Amb"
2009,108,"0","1","0","0","Amb","Amb"
2009,109,"0","0","1","0","Amb","Amb"
2009,110,"0","1","1","0","Amb","Amb"
2009,111,"0","0","1","1","Amb","Amb"
2009,112,"0","1","1","1","Amb","Amb"
2009,113,"1","0","1","0","Amb","Amb"
2009,114,"1","1","1","1","Amb","Amb"
2009,115,"1","0","1","1","Amb","Amb"
2009,116,"1","1","1","0","Amb","Amb"
2009,117,"1","1","0","0","Amb","Amb"
2009,118,"1","1","0","1","Amb","Amb"
2009,119,"1","0","0","1","Amb","Amb"
2009,120,"1","0","0","0","Amb","Amb"
2009,121,"0","1","0","1","Amb","Amb"
2009,122,"0","0","0","1","Amb","Amb"
2009,123,"0","1","0","0","Amb","Amb"
2009,124,"0","0","0","0","Amb","Amb"
2009,125,"0","0","0","0","Amb","Amb"
2009,126,"0","1","0","1","Amb","Amb"
2009,127,"0","1","0","0","Amb","Amb"
2009,128,"0","0","0","1","Amb","Amb"
2009,129,"0","0","0","0","Amb","Amb"
2009,131,"0","0","0","0","Amb","Amb"
2009,134,"0","0","0","0","Amb","Amb"
2009,136,"0","0","0","0","Amb","Amb"
2009,137,"0","0","0","0","Amb","Amb"
2009,139,"0","0","0","0","Amb","Amb"
2009,142,"0","0","0","0","Amb","Amb"
2009,144,"0","0","0","0","Amb","Amb"
2010,1,"0","1","0","0","Amb","Amb"
2010,2,"0","0","0","1","Amb","Amb"
2010,3,"0","0","0","0","Amb","Amb"
2010,4,"0","1","0","1","Amb","Amb"
2010,5,"1","1","1","1","Amb","Amb"
2010,6,"1","0","1","1","Amb","Amb"
2010,7,"1","1","1","0","Amb","Amb"
2010,8,"1","0","1","0","Amb","Amb"
2010,9,"1","0","0","1","Amb","Amb"
2010,10,"1","1","0","0","Amb","Amb"
2010,11,"1","1","0","1","Amb","Amb"
2010,12,"1","0","0","0","Amb","Amb"
2010,13,"0","1","1","1","Amb","Amb"
2010,14,"0","0","1","1","Amb","Amb"
2010,15,"0","0","1","0","Amb","Amb"
2010,16,"0","1","1","0","Amb","Amb"
2010,17,"0","0","0","1","Amb","Amb"
2010,18,"0","1","0","0","Amb","Amb"
2010,19,"0","0","0","0","Amb","Amb"
2010,20,"0","1","0","1","Amb","Amb"
2010,21,"1","1","0","1","Amb","Amb"
2010,22,"1","0","0","0","Amb","Amb"
2010,23,"1","1","0","0","Amb","Amb"
2010,24,"1","0","0","1","Amb","Amb"
2010,25,"0","1","1","1","Amb","Amb"
2010,26,"0","0","1","1","Amb","Amb"
2010,27,"0","1","1","0","Amb","Amb"
2010,28,"0","0","1","0","Amb","Amb"
2010,29,"0","1","0","0","Amb","Amb"
2010,30,"0","0","0","0","Amb","Amb"
2010,31,"0","1","0","1","Amb","Amb"
2010,32,"0","0","0","1","Amb","Amb"
2010,33,"1","1","0","1","Amb","Amb"
2010,34,"1","0","0","0","Amb","Amb"
2010,35,"1","0","0","1","Amb","Amb"
2010,36,"1","1","0","0","Amb","Amb"
2010,37,"0","0","1","1","Amb","Amb"
2010,38,"0","1","1","1","Amb","Amb"
2010,39,"0","1","1","0","Amb","Amb"
2010,40,"0","0","1","0","Amb","Amb"
2010,41,"1","1","1","0","Amb","Amb"
2010,42,"1","0","1","0","Amb","Amb"
2010,43,"1","0","1","1","Amb","Amb"
2010,44,"1","1","1","1","Amb","Amb"
2010,45,"1","0","1","1","Amb","Amb"
2010,46,"1","1","1","1","Amb","Amb"
2010,47,"1","0","1","0","Amb","Amb"
2010,48,"1","1","1","0","Amb","Amb"
2010,49,"0","0","1","1","Amb","Amb"
2010,50,"0","0","1","0","Amb","Amb"
2010,51,"0","1","1","1","Amb","Amb"
2010,52,"0","1","1","0","Amb","Amb"
2010,53,"1","0","1","0","Amb","Amb"
2010,54,"1","0","1","1","Amb","Amb"
2010,55,"1","1","1","0","Amb","Amb"
2010,56,"1","1","1","1","Amb","Amb"
2010,57,"1","0","1","0","Amb","Amb"
2010,58,"1","1","1","0","Amb","Amb"
2010,59,"1","0","1","1","Amb","Amb"
2010,60,"1","1","1","1","Amb","Amb"
2010,61,"1","0","0","1","Amb","Amb"
2010,62,"1","1","0","1","Amb","Amb"
2010,63,"1","0","0","0","Amb","Amb"
2010,64,"1","1","0","0","Amb","Amb"
2010,65,"0","1","0","0","Amb","Amb"
2010,66,"0","0","0","0","Amb","Amb"
2010,67,"0","1","0","1","Amb","Amb"
2010,68,"0","0","0","1","Amb","Amb"
2010,69,"0","0","1","1","Amb","Amb"
2010,70,"0","0","1","0","Amb","Amb"
2010,71,"0","1","1","0","Amb","Amb"
2010,72,"0","1","1","1","Amb","Amb"
2010,73,"1","1","1","0","Amb","Amb"
2010,74,"1","1","1","1","Amb","Amb"
2010,75,"1","0","1","1","Amb","Amb"
2010,76,"1","0","1","0","Amb","Amb"
2010,77,"1","1","0","1","Amb","Amb"
2010,78,"1","1","0","0","Amb","Amb"
2010,79,"1","0","0","0","Amb","Amb"
2010,80,"1","0","0","1","Amb","Amb"
2010,81,"0","1","1","0","Amb","Amb"
2010,82,"0","0","1","0","Amb","Amb"
2010,83,"0","0","1","1","Amb","Amb"
2010,84,"0","1","1","1","Amb","Amb"
2010,85,"1","1","0","1","Amb","Amb"
2010,86,"1","0","0","0","Amb","Amb"
2010,87,"1","1","0","0","Amb","Amb"
2010,88,"1","0","0","1","Amb","Amb"
2010,89,"0","0","0","1","Amb","Amb"
2010,90,"0","0","0","0","Amb","Amb"
2010,91,"0","1","0","0","Amb","Amb"
2010,92,"0","1","0","1","Amb","Amb"
2010,93,"1","1","1","1","Amb","Amb"
2010,94,"1","0","1","0","Amb","Amb"
2010,95,"1","0","1","1","Amb","Amb"
2010,96,"1","1","1","0","Amb","Amb"
2010,97,"0","1","1","0","Amb","Amb"
2010,98,"0","0","1","1","Amb","Amb"
2010,99,"0","1","1","1","Amb","Amb"
2010,100,"0","0","1","0","Amb","Amb"
2010,101,"1","1","0","1","Amb","Amb"
2010,102,"1","1","0","0","Amb","Amb"
2010,103,"1","0","0","0","Amb","Amb"
2010,104,"1","0","0","1","Amb","Amb"
2010,105,"0","0","0","1","Amb","Amb"
2010,106,"0","1","0","1","Amb","Amb"
2010,107,"0","0","0","0","Amb","Amb"
2010,108,"0","1","0","0","Amb","Amb"
2010,109,"0","0","1","0","Amb","Amb"
2010,110,"0","1","1","0","Amb","Amb"
2010,111,"0","0","1","1","Amb","Amb"
2010,112,"0","1","1","1","Amb","Amb"
2010,113,"1","0","1","0","Amb","Amb"
2010,114,"1","1","1","1","Amb","Amb"
2010,115,"1","0","1","1","Amb","Amb"
2010,116,"1","1","1","0","Amb","Amb"
2010,117,"1","1","0","0","Amb","Amb"
2010,118,"1","1","0","1","Amb","Amb"
2010,119,"1","0","0","1","Amb","Amb"
2010,120,"1","0","0","0","Amb","Amb"
2010,121,"0","1","0","1","Amb","Amb"
2010,122,"0","0","0","1","Amb","Amb"
2010,123,"0","1","0","0","Amb","Amb"
2010,124,"0","0","0","0","Amb","Amb"
2010,125,"0","0","0","0","Amb","Amb"
2010,126,"0","1","0","1","Amb","Amb"
2010,127,"0","1","0","0","Amb","Amb"
2010,128,"0","0","0","1","Amb","Amb"
2010,129,"0","0","0","0","Amb","Amb"
2010,131,"0","0","0","0","Amb","Amb"
2010,134,"0","0","0","0","Amb","Amb"
2010,136,"0","0","0","0","Amb","Amb"
2010,137,"0","0","0","0","Amb","Amb"
2010,139,"0","0","0","0","Amb","Amb"
2010,142,"0","0","0","0","Amb","Amb"
2010,144,"0","0","0","0","Amb","Amb"
2011,1,"0","1","0","0","Amb","Amb"
2011,2,"0","0","0","1","Amb","Amb"
2011,3,"0","0","0","0","Amb","Amb"
2011,4,"0","1","0","1","Amb","Amb"
2011,5,"1","1","1","1","Amb","Amb"
2011,6,"1","0","1","1","Amb","Amb"
2011,7,"1","1","1","0","Amb","Amb"
2011,8,"1","0","1","0","Amb","Amb"
2011,9,"1","0","0","1","Amb","Amb"
2011,10,"1","1","0","0","Amb","Amb"
2011,11,"1","1","0","1","Amb","Amb"
2011,12,"1","0","0","0","Amb","Amb"
2011,13,"0","1","1","1","Amb","Amb"
2011,14,"0","0","1","1","Amb","Amb"
2011,15,"0","0","1","0","Amb","Amb"
2011,16,"0","1","1","0","Amb","Amb"
2011,17,"0","0","0","1","Amb","Amb"
2011,18,"0","1","0","0","Amb","Amb"
2011,19,"0","0","0","0","Amb","Amb"
2011,20,"0","1","0","1","Amb","Amb"
2011,21,"1","1","0","1","Amb","Amb"
2011,22,"1","0","0","0","Amb","Amb"
2011,23,"1","1","0","0","Amb","Amb"
2011,24,"1","0","0","1","Amb","Amb"
2011,25,"0","1","1","1","Amb","Amb"
2011,26,"0","0","1","1","Amb","Amb"
2011,27,"0","1","1","0","Amb","Amb"
2011,28,"0","0","1","0","Amb","Amb"
2011,29,"0","1","0","0","Amb","Amb"
2011,30,"0","0","0","0","Amb","Amb"
2011,31,"0","1","0","1","Amb","Amb"
2011,32,"0","0","0","1","Amb","Amb"
2011,33,"1","1","0","1","Amb","Amb"
2011,34,"1","0","0","0","Amb","Amb"
2011,35,"1","0","0","1","Amb","Amb"
2011,36,"1","1","0","0","Amb","Amb"
2011,37,"0","0","1","1","Amb","Amb"
2011,38,"0","1","1","1","Amb","Amb"
2011,39,"0","1","1","0","Amb","Amb"
2011,40,"0","0","1","0","Amb","Amb"
2011,41,"1","1","1","0","Amb","Amb"
2011,42,"1","0","1","0","Amb","Amb"
2011,43,"1","0","1","1","Amb","Amb"
2011,44,"1","1","1","1","Amb","Amb"
2011,45,"1","0","1","1","Amb","Amb"
2011,46,"1","1","1","1","Amb","Amb"
2011,47,"1","0","1","0","Amb","Amb"
2011,48,"1","1","1","0","Amb","Amb"
2011,49,"0","0","1","1","Amb","Amb"
2011,50,"0","0","1","0","Amb","Amb"
2011,51,"0","1","1","1","Amb","Amb"
2011,52,"0","1","1","0","Amb","Amb"
2011,53,"1","0","1","0","Amb","Amb"
2011,54,"1","0","1","1","Amb","Amb"
2011,55,"1","1","1","0","Amb","Amb"
2011,56,"1","1","1","1","Amb","Amb"
2011,57,"1","0","1","0","Amb","Amb"
2011,58,"1","1","1","0","Amb","Amb"
2011,59,"1","0","1","1","Amb","Amb"
2011,60,"1","1","1","1","Amb","Amb"
2011,61,"1","0","0","1","Amb","Amb"
2011,62,"1","1","0","1","Amb","Amb"
2011,63,"1","0","0","0","Amb","Amb"
2011,64,"1","1","0","0","Amb","Amb"
2011,65,"0","1","0","0","Amb","Amb"
2011,66,"0","0","0","0","Amb","Amb"
2011,67,"0","1","0","1","Amb","Amb"
2011,68,"0","0","0","1","Amb","Amb"
2011,69,"0","0","1","1","Amb","Amb"
2011,70,"0","0","1","0","Amb","Amb"
2011,71,"0","1","1","0","Amb","Amb"
2011,72,"0","1","1","1","Amb","Amb"
2011,73,"1","1","1","0","Amb","Amb"
2011,74,"1","1","1","1","Amb","Amb"
2011,75,"1","0","1","1","Amb","Amb"
2011,76,"1","0","1","0","Amb","Amb"
2011,77,"1","1","0","1","Amb","Amb"
2011,78,"1","1","0","0","Amb","Amb"
2011,79,"1","0","0","0","Amb","Amb"
2011,80,"1","0","0","1","Amb","Amb"
2011,81,"0","1","1","0","Amb","Amb"
2011,82,"0","0","1","0","Amb","Amb"
2011,83,"0","0","1","1","Amb","Amb"
2011,84,"0","1","1","1","Amb","Amb"
2011,85,"1","1","0","1","Amb","Amb"
2011,86,"1","0","0","0","Amb","Amb"
2011,87,"1","1","0","0","Amb","Amb"
2011,88,"1","0","0","1","Amb","Amb"
2011,89,"0","0","0","1","Amb","Amb"
2011,90,"0","0","0","0","Amb","Amb"
2011,91,"0","1","0","0","Amb","Amb"
2011,92,"0","1","0","1","Amb","Amb"
2011,93,"1","1","1","1","Amb","Amb"
2011,94,"1","0","1","0","Amb","Amb"
2011,95,"1","0","1","1","Amb","Amb"
2011,96,"1","1","1","0","Amb","Amb"
2011,97,"0","1","1","0","Amb","Amb"
2011,98,"0","0","1","1","Amb","Amb"
2011,99,"0","1","1","1","Amb","Amb"
2011,100,"0","0","1","0","Amb","Amb"
2011,101,"1","1","0","1","Amb","Amb"
2011,102,"1","1","0","0","Amb","Amb"
2011,103,"1","0","0","0","Amb","Amb"
2011,104,"1","0","0","1","Amb","Amb"
2011,105,"0","0","0","1","Amb","Amb"
2011,106,"0","1","0","1","Amb","Amb"
2011,107,"0","0","0","0","Amb","Amb"
2011,108,"0","1","0","0","Amb","Amb"
2011,109,"0","0","1","0","Amb","Amb"
2011,110,"0","1","1","0","Amb","Amb"
2011,111,"0","0","1","1","Amb","Amb"
2011,112,"0","1","1","1","Amb","Amb"
2011,113,"1","0","1","0","Amb","Amb"
2011,114,"1","1","1","1","Amb","Amb"
2011,115,"1","0","1","1","Amb","Amb"
2011,116,"1","1","1","0","Amb","Amb"
2011,117,"1","1","0","0","Amb","Amb"
2011,118,"1","1","0","1","Amb","Amb"
2011,119,"1","0","0","1","Amb","Amb"
2011,120,"1","0","0","0","Amb","Amb"
2011,121,"0","1","0","1","Amb","Amb"
2011,122,"0","0","0","1","Amb","Amb"
2011,123,"0","1","0","0","Amb","Amb"
2011,124,"0","0","0","0","Amb","Amb"
2011,125,"0","0","0","0","Amb","Amb"
2011,126,"0","1","0","1","Amb","Amb"
2011,127,"0","1","0","0","Amb","Amb"
2011,128,"0","0","0","1","Amb","Amb"
2011,129,"0","0","0","0","Amb","Amb"
2011,131,"0","0","0","0","Amb","Amb"
2011,134,"0","0","0","0","Amb","Amb"
2011,136,"0","0","0","0","Amb","Amb"
2011,137,"0","0","0","0","Amb","Amb"
2011,139,"0","0","0","0","Amb","Amb"
2011,142,"0","0","0","0","Amb","Amb"
2011,144,"0","0","0","0","Amb","Amb"
2012,1,"0","1","0","0","Amb","No"
2012,2,"0","0","0","1","Amb","No"
2012,3,"0","0","0","0","Amb","No"
2012,4,"0","1","0","1","Amb","No"
2012,5,"1","1","1","1","Amb","No"
2012,6,"1","0","1","1","Amb","No"
2012,7,"1","1","1","0","Amb","No"
2012,8,"1","0","1","0","Amb","No"
2012,9,"1","0","0","1","Amb","No"
2012,10,"1","1","0","0","Amb","No"
2012,11,"1","1","0","1","Amb","No"
2012,12,"1","0","0","0","Amb","No"
2012,13,"0","1","1","1","Amb","No"
2012,14,"0","0","1","1","Amb","No"
2012,15,"0","0","1","0","Amb","No"
2012,16,"0","1","1","0","Amb","No"
2012,17,"0","0","0","1","Amb","No"
2012,18,"0","1","0","0","Amb","No"
2012,19,"0","0","0","0","Amb","No"
2012,20,"0","1","0","1","Amb","No"
2012,21,"1","1","0","1","Amb","No"
2012,22,"1","0","0","0","Amb","No"
2012,23,"1","1","0","0","Amb","No"
2012,24,"1","0","0","1","Amb","No"
2012,25,"0","1","1","1","Amb","Yes"
2012,26,"0","0","1","1","Amb","Yes"
2012,27,"0","1","1","0","Amb","Yes"
2012,28,"0","0","1","0","Amb","Yes"
2012,29,"0","1","0","0","Amb","Yes"
2012,30,"0","0","0","0","Amb","Yes"
2012,31,"0","1","0","1","Amb","Yes"
2012,32,"0","0","0","1","Amb","Yes"
2012,33,"1","1","0","1","Amb","Yes"
2012,34,"1","0","0","0","Amb","Yes"
2012,35,"1","0","0","1","Amb","Yes"
2012,36,"1","1","0","0","Amb","Yes"
2012,37,"0","0","1","1","Amb","No"
2012,38,"0","1","1","1","Amb","No"
2012,39,"0","1","1","0","Amb","No"
2012,40,"0","0","1","0","Amb","No"
2012,41,"1","1","1","0","Amb","No"
2012,42,"1","0","1","0","Amb","No"
2012,43,"1","0","1","1","Amb","No"
2012,44,"1","1","1","1","Amb","No"
2012,45,"1","0","1","1","Amb","Yes"
2012,46,"1","1","1","1","Amb","Yes"
2012,47,"1","0","1","0","Amb","Yes"
2012,48,"1","1","1","0","Amb","Yes"
2012,49,"0","0","1","1","Amb","Yes"
2012,50,"0","0","1","0","Amb","Yes"
2012,51,"0","1","1","1","Amb","Yes"
2012,52,"0","1","1","0","Amb","Yes"
2012,53,"1","0","1","0","Amb","Yes"
2012,54,"1","0","1","1","Amb","Yes"
2012,55,"1","1","1","0","Amb","Yes"
2012,56,"1","1","1","1","Amb","Yes"
2012,57,"1","0","1","0","Amb","Yes"
2012,58,"1","1","1","0","Amb","Yes"
2012,59,"1","0","1","1","Amb","Yes"
2012,60,"1","1","1","1","Amb","Yes"
2012,61,"1","0","0","1","Amb","Yes"
2012,62,"1","1","0","1","Amb","Yes"
2012,63,"1","0","0","0","Amb","Yes"
2012,64,"1","1","0","0","Amb","Yes"
2012,65,"0","1","0","0","Amb","Yes"
2012,66,"0","0","0","0","Amb","Yes"
2012,67,"0","1","0","1","Amb","Yes"
2012,68,"0","0","0","1","Amb","Yes"
2012,69,"0","0","1","1","Amb","Yes"
2012,70,"0","0","1","0","Amb","Yes"
2012,71,"0","1","1","0","Amb","Yes"
2012,72,"0","1","1","1","Amb","Yes"
2012,73,"1","1","1","0","Amb","No"
2012,74,"1","1","1","1","Amb","No"
2012,75,"1","0","1","1","Amb","No"
2012,76,"1","0","1","0","Amb","No"
2012,77,"1","1","0","1","Amb","No"
2012,78,"1","1","0","0","Amb","No"
2012,79,"1","0","0","0","Amb","No"
2012,80,"1","0","0","1","Amb","No"
2012,81,"0","1","1","0","Amb","No"
2012,82,"0","0","1","0","Amb","No"
2012,83,"0","0","1","1","Amb","No"
2012,84,"0","1","1","1","Amb","No"
2012,85,"1","1","0","1","Amb","No"
2012,86,"1","0","0","0","Amb","No"
2012,87,"1","1","0","0","Amb","No"
2012,88,"1","0","0","1","Amb","No"
2012,89,"0","0","0","1","Amb","No"
2012,90,"0","0","0","0","Amb","No"
2012,91,"0","1","0","0","Amb","No"
2012,92,"0","1","0","1","Amb","No"
2012,93,"1","1","1","1","Amb","No"
2012,94,"1","0","1","0","Amb","No"
2012,95,"1","0","1","1","Amb","No"
2012,96,"1","1","1","0","Amb","No"
2012,97,"0","1","1","0","Amb","No"
2012,98,"0","0","1","1","Amb","No"
2012,99,"0","1","1","1","Amb","No"
2012,100,"0","0","1","0","Amb","No"
2012,101,"1","1","0","1","Amb","Yes"
2012,102,"1","1","0","0","Amb","Yes"
2012,103,"1","0","0","0","Amb","Yes"
2012,104,"1","0","0","1","Amb","Yes"
2012,105,"0","0","0","1","Amb","Yes"
2012,106,"0","1","0","1","Amb","Yes"
2012,107,"0","0","0","0","Amb","Yes"
2012,108,"0","1","0","0","Amb","Yes"
2012,109,"0","0","1","0","Amb","Yes"
2012,110,"0","1","1","0","Amb","Yes"
2012,111,"0","0","1","1","Amb","Yes"
2012,112,"0","1","1","1","Amb","Yes"
2012,113,"1","0","1","0","Amb","Yes"
2012,114,"1","1","1","1","Amb","Yes"
2012,115,"1","0","1","1","Amb","Yes"
2012,116,"1","1","1","0","Amb","Yes"
2012,117,"1","1","0","0","Amb","Yes"
2012,118,"1","1","0","1","Amb","Yes"
2012,119,"1","0","0","1","Amb","Yes"
2012,120,"1","0","0","0","Amb","Yes"
2012,121,"0","1","0","1","Amb","No"
2012,122,"0","0","0","1","Amb","No"
2012,123,"0","1","0","0","Amb","No"
2012,124,"0","0","0","0","Amb","No"
2012,125,"0","0","0","0","Amb","Yes"
2012,126,"0","1","0","1","Amb","Yes"
2012,127,"0","1","0","0","Amb","Yes"
2012,128,"0","0","0","1","Amb","Yes"
2012,129,"0","0","0","0","Amb","No"
2012,131,"0","0","0","0","Amb","No"
2012,134,"0","0","0","0","Amb","Yes"
2012,136,"0","0","0","0","Amb","Yes"
2012,137,"0","0","0","0","Amb","No"
2012,139,"0","0","0","0","Amb","No"
2012,142,"0","0","0","0","Amb","No"
2012,144,"0","0","0","0","Amb","No"
2013,1,"0","1","0","0","Amb","Amb"
2013,2,"0","0","0","1","Amb","Amb"
2013,3,"0","0","0","0","Amb","Amb"
2013,4,"0","1","0","1","Amb","Amb"
2013,5,"1","1","1","1","Amb","Amb"
2013,6,"1","0","1","1","Amb","Amb"
2013,7,"1","1","1","0","Amb","Amb"
2013,8,"1","0","1","0","Amb","Amb"
2013,9,"1","0","0","1","Amb","Amb"
2013,10,"1","1","0","0","Amb","Amb"
2013,11,"1","1","0","1","Amb","Amb"
2013,12,"1","0","0","0","Amb","Amb"
2013,13,"0","1","1","1","Amb","Amb"
2013,14,"0","0","1","1","Amb","Amb"
2013,15,"0","0","1","0","Amb","Amb"
2013,16,"0","1","1","0","Amb","Amb"
2013,17,"0","0","0","1","Amb","Amb"
2013,18,"0","1","0","0","Amb","Amb"
2013,19,"0","0","0","0","Amb","Amb"
2013,20,"0","1","0","1","Amb","Amb"
2013,21,"1","1","0","1","Amb","Amb"
2013,22,"1","0","0","0","Amb","Amb"
2013,23,"1","1","0","0","Amb","Amb"
2013,24,"1","0","0","1","Amb","Amb"
2013,25,"0","1","1","1","Amb","Amb"
2013,26,"0","0","1","1","Amb","Amb"
2013,27,"0","1","1","0","Amb","Amb"
2013,28,"0","0","1","0","Amb","Amb"
2013,29,"0","1","0","0","Amb","Amb"
2013,30,"0","0","0","0","Amb","Amb"
2013,31,"0","1","0","1","Amb","Amb"
2013,32,"0","0","0","1","Amb","Amb"
2013,33,"1","1","0","1","Amb","Amb"
2013,34,"1","0","0","0","Amb","Amb"
2013,35,"1","0","0","1","Amb","Amb"
2013,36,"1","1","0","0","Amb","Amb"
2013,37,"0","0","1","1","Amb","Amb"
2013,38,"0","1","1","1","Amb","Amb"
2013,39,"0","1","1","0","Amb","Amb"
2013,40,"0","0","1","0","Amb","Amb"
2013,41,"1","1","1","0","Amb","Amb"
2013,42,"1","0","1","0","Amb","Amb"
2013,43,"1","0","1","1","Amb","Amb"
2013,44,"1","1","1","1","Amb","Amb"
2013,45,"1","0","1","1","Amb","Amb"
2013,46,"1","1","1","1","Amb","Amb"
2013,47,"1","0","1","0","Amb","Amb"
2013,48,"1","1","1","0","Amb","Amb"
2013,49,"0","0","1","1","Amb","Amb"
2013,50,"0","0","1","0","Amb","Amb"
2013,51,"0","1","1","1","Amb","Amb"
2013,52,"0","1","1","0","Amb","Amb"
2013,53,"1","0","1","0","Amb","Amb"
2013,54,"1","0","1","1","Amb","Amb"
2013,55,"1","1","1","0","Amb","Amb"
2013,56,"1","1","1","1","Amb","Amb"
2013,57,"1","0","1","0","Amb","Amb"
2013,58,"1","1","1","0","Amb","Amb"
2013,59,"1","0","1","1","Amb","Amb"
2013,60,"1","1","1","1","Amb","Amb"
2013,61,"1","0","0","1","Amb","Amb"
2013,62,"1","1","0","1","Amb","Amb"
2013,63,"1","0","0","0","Amb","Amb"
2013,64,"1","1","0","0","Amb","Amb"
2013,65,"0","1","0","0","Amb","Amb"
2013,66,"0","0","0","0","Amb","Amb"
2013,67,"0","1","0","1","Amb","Amb"
2013,68,"0","0","0","1","Amb","Amb"
2013,69,"0","0","1","1","Amb","Amb"
2013,70,"0","0","1","0","Amb","Amb"
2013,71,"0","1","1","0","Amb","Amb"
2013,72,"0","1","1","1","Amb","Amb"
2013,73,"1","1","1","0","Amb","Amb"
2013,74,"1","1","1","1","Amb","Amb"
2013,75,"1","0","1","1","Amb","Amb"
2013,76,"1","0","1","0","Amb","Amb"
2013,77,"1","1","0","1","Amb","Amb"
2013,78,"1","1","0","0","Amb","Amb"
2013,79,"1","0","0","0","Amb","Amb"
2013,80,"1","0","0","1","Amb","Amb"
2013,81,"0","1","1","0","Amb","Amb"
2013,82,"0","0","1","0","Amb","Amb"
2013,83,"0","0","1","1","Amb","Amb"
2013,84,"0","1","1","1","Amb","Amb"
2013,85,"1","1","0","1","Amb","Amb"
2013,86,"1","0","0","0","Amb","Amb"
2013,87,"1","1","0","0","Amb","Amb"
2013,88,"1","0","0","1","Amb","Amb"
2013,89,"0","0","0","1","Amb","Amb"
2013,90,"0","0","0","0","Amb","Amb"
2013,91,"0","1","0","0","Amb","Amb"
2013,92,"0","1","0","1","Amb","Amb"
2013,93,"1","1","1","1","Amb","Amb"
2013,94,"1","0","1","0","Amb","Amb"
2013,95,"1","0","1","1","Amb","Amb"
2013,96,"1","1","1","0","Amb","Amb"
2013,97,"0","1","1","0","Amb","Amb"
2013,98,"0","0","1","1","Amb","Amb"
2013,99,"0","1","1","1","Amb","Amb"
2013,100,"0","0","1","0","Amb","Amb"
2013,101,"1","1","0","1","Amb","Amb"
2013,102,"1","1","0","0","Amb","Amb"
2013,103,"1","0","0","0","Amb","Amb"
2013,104,"1","0","0","1","Amb","Amb"
2013,105,"0","0","0","1","Amb","Amb"
2013,106,"0","1","0","1","Amb","Amb"
2013,107,"0","0","0","0","Amb","Amb"
2013,108,"0","1","0","0","Amb","Amb"
2013,109,"0","0","1","0","Amb","Amb"
2013,110,"0","1","1","0","Amb","Amb"
2013,111,"0","0","1","1","Amb","Amb"
2013,112,"0","1","1","1","Amb","Amb"
2013,113,"1","0","1","0","Amb","Amb"
2013,114,"1","1","1","1","Amb","Amb"
2013,115,"1","0","1","1","Amb","Amb"
2013,116,"1","1","1","0","Amb","Amb"
2013,117,"1","1","0","0","Amb","Amb"
2013,118,"1","1","0","1","Amb","Amb"
2013,119,"1","0","0","1","Amb","Amb"
2013,120,"1","0","0","0","Amb","Amb"
2013,121,"0","1","0","1","Amb","Amb"
2013,122,"0","0","0","1","Amb","Amb"
2013,123,"0","1","0","0","Amb","Amb"
2013,124,"0","0","0","0","Amb","Amb"
2013,125,"0","0","0","0","Amb","Amb"
2013,126,"0","1","0","1","Amb","Amb"
2013,127,"0","1","0","0","Amb","Amb"
2013,128,"0","0","0","1","Amb","Amb"
2013,129,"0","0","0","0","Amb","Amb"
2013,131,"0","0","0","0","Amb","Amb"
2013,134,"0","0","0","0","Amb","Amb"
2013,136,"0","0","0","0","Amb","Amb"
2013,137,"0","0","0","0","Amb","Amb"
2013,139,"0","0","0","0","Amb","Amb"
2013,142,"0","0","0","0","Amb","Amb"
2013,144,"0","0","0","0","Amb","Amb"
2014,1,"0","1","0","0","Amb","Amb"
2014,2,"0","0","0","1","Amb","Amb"
2014,3,"0","0","0","0","Amb","Amb"
2014,4,"0","1","0","1","Amb","Amb"
2014,5,"1","1","1","1","Amb","Amb"
2014,6,"1","0","1","1","Amb","Amb"
2014,7,"1","1","1","0","Amb","Amb"
2014,8,"1","0","1","0","Amb","Amb"
2014,9,"1","0","0","1","Amb","Amb"
2014,10,"1","1","0","0","Amb","Amb"
2014,11,"1","1","0","1","Amb","Amb"
2014,12,"1","0","0","0","Amb","Amb"
2014,13,"0","1","1","1","Amb","Amb"
2014,14,"0","0","1","1","Amb","Amb"
2014,15,"0","0","1","0","Amb","Amb"
2014,16,"0","1","1","0","Amb","Amb"
2014,17,"0","0","0","1","Amb","Amb"
2014,18,"0","1","0","0","Amb","Amb"
2014,19,"0","0","0","0","Amb","Amb"
2014,20,"0","1","0","1","Amb","Amb"
2014,21,"1","1","0","1","Amb","Amb"
2014,22,"1","0","0","0","Amb","Amb"
2014,23,"1","1","0","0","Amb","Amb"
2014,24,"1","0","0","1","Amb","Amb"
2014,25,"0","1","1","1","Amb","Amb"
2014,26,"0","0","1","1","Amb","Amb"
2014,27,"0","1","1","0","Amb","Amb"
2014,28,"0","0","1","0","Amb","Amb"
2014,29,"0","1","0","0","Amb","Amb"
2014,30,"0","0","0","0","Amb","Amb"
2014,31,"0","1","0","1","Amb","Amb"
2014,32,"0","0","0","1","Amb","Amb"
2014,33,"1","1","0","1","Amb","Amb"
2014,34,"1","0","0","0","Amb","Amb"
2014,35,"1","0","0","1","Amb","Amb"
2014,36,"1","1","0","0","Amb","Amb"
2014,37,"0","0","1","1","Amb","Amb"
2014,38,"0","1","1","1","Amb","Amb"
2014,39,"0","1","1","0","Amb","Amb"
2014,40,"0","0","1","0","Amb","Amb"
2014,41,"1","1","1","0","Amb","Amb"
2014,42,"1","0","1","0","Amb","Amb"
2014,43,"1","0","1","1","Amb","Amb"
2014,44,"1","1","1","1","Amb","Amb"
2014,45,"1","0","1","1","Amb","Amb"
2014,46,"1","1","1","1","Amb","Amb"
2014,47,"1","0","1","0","Amb","Amb"
2014,48,"1","1","1","0","Amb","Amb"
2014,49,"0","0","1","1","Amb","Amb"
2014,50,"0","0","1","0","Amb","Amb"
2014,51,"0","1","1","1","Amb","Amb"
2014,52,"0","1","1","0","Amb","Amb"
2014,53,"1","0","1","0","Amb","Amb"
2014,54,"1","0","1","1","Amb","Amb"
2014,55,"1","1","1","0","Amb","Amb"
2014,56,"1","1","1","1","Amb","Amb"
2014,57,"1","0","1","0","Amb","Amb"
2014,58,"1","1","1","0","Amb","Amb"
2014,59,"1","0","1","1","Amb","Amb"
2014,60,"1","1","1","1","Amb","Amb"
2014,61,"1","0","0","1","Amb","Amb"
2014,62,"1","1","0","1","Amb","Amb"
2014,63,"1","0","0","0","Amb","Amb"
2014,64,"1","1","0","0","Amb","Amb"
2014,65,"0","1","0","0","Amb","Amb"
2014,66,"0","0","0","0","Amb","Amb"
2014,67,"0","1","0","1","Amb","Amb"
2014,68,"0","0","0","1","Amb","Amb"
2014,69,"0","0","1","1","Amb","Amb"
2014,70,"0","0","1","0","Amb","Amb"
2014,71,"0","1","1","0","Amb","Amb"
2014,72,"0","1","1","1","Amb","Amb"
2014,73,"1","1","1","0","Amb","Amb"
2014,74,"1","1","1","1","Amb","Amb"
2014,75,"1","0","1","1","Amb","Amb"
2014,76,"1","0","1","0","Amb","Amb"
2014,77,"1","1","0","1","Amb","Amb"
2014,78,"1","1","0","0","Amb","Amb"
2014,79,"1","0","0","0","Amb","Amb"
2014,80,"1","0","0","1","Amb","Amb"
2014,81,"0","1","1","0","Amb","Amb"
2014,82,"0","0","1","0","Amb","Amb"
2014,83,"0","0","1","1","Amb","Amb"
2014,84,"0","1","1","1","Amb","Amb"
2014,85,"1","1","0","1","Amb","Amb"
2014,86,"1","0","0","0","Amb","Amb"
2014,87,"1","1","0","0","Amb","Amb"
2014,88,"1","0","0","1","Amb","Amb"
2014,89,"0","0","0","1","Amb","Amb"
2014,90,"0","0","0","0","Amb","Amb"
2014,91,"0","1","0","0","Amb","Amb"
2014,92,"0","1","0","1","Amb","Amb"
2014,93,"1","1","1","1","Amb","Amb"
2014,94,"1","0","1","0","Amb","Amb"
2014,95,"1","0","1","1","Amb","Amb"
2014,96,"1","1","1","0","Amb","Amb"
2014,97,"0","1","1","0","Amb","Amb"
2014,98,"0","0","1","1","Amb","Amb"
2014,99,"0","1","1","1","Amb","Amb"
2014,100,"0","0","1","0","Amb","Amb"
2014,101,"1","1","0","1","Amb","Amb"
2014,102,"1","1","0","0","Amb","Amb"
2014,103,"1","0","0","0","Amb","Amb"
2014,104,"1","0","0","1","Amb","Amb"
2014,105,"0","0","0","1","Amb","Amb"
2014,106,"0","1","0","1","Amb","Amb"
2014,107,"0","0","0","0","Amb","Amb"
2014,108,"0","1","0","0","Amb","Amb"
2014,109,"0","0","1","0","Amb","Amb"
2014,110,"0","1","1","0","Amb","Amb"
2014,111,"0","0","1","1","Amb","Amb"
2014,112,"0","1","1","1","Amb","Amb"
2014,113,"1","0","1","0","Amb","Amb"
2014,114,"1","1","1","1","Amb","Amb"
2014,115,"1","0","1","1","Amb","Amb"
2014,116,"1","1","1","0","Amb","Amb"
2014,117,"1","1","0","0","Amb","Amb"
2014,118,"1","1","0","1","Amb","Amb"
2014,119,"1","0","0","1","Amb","Amb"
2014,120,"1","0","0","0","Amb","Amb"
2014,121,"0","1","0","1","Amb","Amb"
2014,122,"0","0","0","1","Amb","Amb"
2014,123,"0","1","0","0","Amb","Amb"
2014,124,"0","0","0","0","Amb","Amb"
2014,125,"0","0","0","0","Amb","Amb"
2014,126,"0","1","0","1","Amb","Amb"
2014,127,"0","1","0","0","Amb","Amb"
2014,128,"0","0","0","1","Amb","Amb"
2014,129,"0","0","0","0","Amb","Amb"
2014,131,"0","0","0","0","Amb","Amb"
2014,134,"0","0","0","0","Amb","Amb"
2014,136,"0","0","0","0","Amb","Amb"
2014,137,"0","0","0","0","Amb","Amb"
2014,139,"0","0","0","0","Amb","Amb"
2014,142,"0","0","0","0","Amb","Amb"
2014,144,"0","0","0","0","Amb","Amb"
